dbname,id
"KNIGHT, WILLIAM J. \PETE\""""",1
Adam Shbeita,2
"HILL, JERRY A.",3
"ACOSTA, GEORGIA L.",4
"GUILLEN, ABEL",5
Mario A. Guerra,6
"STOKER, MIKE",7
"PARRA, PETE H.",8
"RUNNER, GEORGE C.",9
Michael Breyer,10
"COLEMAN, TERRY",11
"KISHIMOTO, YORIKO",12
"HILL, STEVE",13
"JONES, SUZANNE V.",14
"HANSON, MARK",15
Alvaro G. Day,16
Earl De Vries,17
Michelle P. Connor,18
Brian Jones,19
"KALB, DAN E.",20
"YAMADA, MARIKO",21
"MANSOOR, ALLAN R.",22
Jerry White,23
"WHITE, KEN",24
"SIMON JR., WILLIAM E.",25
Ronald Gold,26
John S. Stammreich,27
Donald P. (Don) Wagner*,28
Jose Medina*,29
"GARDNER, DEAN",30
"PRICE, CURREN",31
Edward Fuller,32
"ARABO, AUDAY P.",33
Michael J. Rubio,34
"MARTINEZ, MICHELE",35
Brian Dahle,36
"STEEL, JOHN",37
"KING, DAVID",38
Devin G. Nunes,39
"FITZGERALD, JIM",40
Xavier Becerra*,41
"ROELLE, RICK",42
"HAUBERT, DAVID",43
Donald P. (Don) Wagner,28
Sukhee Kang,44
"ASHBURN, ROY",45
"GARLAND, CHRIS",46
Pete Aguilar,47
"WALTERS, MIMI",48
"SHOEMAKER, BRANDON",49
"MUSSER-LOPEZ, RUTH",50
"BACA, JOE",51
"GONZALES, JUAN LUIS",52
"LA CHANCE, IRENE",53
"MC CANN, JOHN",54
Holly Spohn-Gross,55
"HARRISON, MICHAEL",56
"TORRICO, ALBERTO",57
Tom Lackey,58
"AMADOR, ANTONIO (TONY)",59
Michael D. Antonovich,60
"TYE, STEVE",61
David Sanchez,62
"HERNANDEZ, ROGER",63
Jeff Denham*,64
Mary Catherine McIlroy,65
"BONTA, ROB",66
Robin Chew,67
"DIEP, TYLER",68
"CARTER, WILMER AMINA",69
"WEST, TONY",70
"MORRIS, GWEN L",71
Alex Padilla*,72
"LOWE, DONNA",73
"SHELLEY, KEVIN",74
Cheryl R. Brown*,75
"PAULY, DEBORAH",76
"CHAVEZ, CHRISTINA",77
Virginia Fuller,78
Karalee Hargrove,79
"TABASH, EDWARD Z.",80
"CORBETT, ELLEN",81
Honor Mimi Robson,82
Nathaniel Tsai,83
"HORTON, JEROME",84
Mike Hudson,85
"PARKER, CHRIS R.",86
"BLUMENFELD, ANDREW",87
"SALARNO, NINA",88
"SMITH, KATHERINE H.",89
"DAVIS, MICHAEL",90
"BROWN, DAVE",91
"SANDOVAL, GREG",92
Tony Teora,93
"NEWMAN, JOSH B.",94
"NASARENKO, ERIK",95
"NGUYEN, PHU",96
"FURUTANI, WARREN",97
Patrick J. Hurley,98
Sherry Hodges,99
Paul Clay,100
"SHER, BYRON",101
Mariko Yamada,21
"HALDERMAN, LINDA F.",102
Adam J. Miller,103
"GRAYSON, ARI E.",104
"WORTHINGTON, KRISS",105
"WILLIAMS, ROBERT",106
"MAYER, VIRGINIA GINNY",107
"PARRISH, CLAUDE",108
"MATHYS, CHRIS",109
"LOW, EVAN",110
"RUSSELL, JAMES A.",111
"BARNES, JANET V.",112
"OROZCO, MARK",113
"RILEY, ANTHONY",114
"PHARES, ANN VENTURA",115
"MASIEL, ANDREW",116
John Hernandez,117
"COOK-KALLIO, CHERYL",118
Maxine Waters,119
Larry Johnson,120
Reggie Jones-Sawyer,121
"LARA, RICARDO",122
"RIVAS, ROBERT",123
Shawn Hoffman,124
Carlos Santamaria,125
"BILBREY, MICHAEL",126
"WALCH, COLIN",127
"FROMMER, DARIO",128
Mark Stone*,129
"BERG, PATTY",130
Jim Silva*,131
Cathleen Galgiani*,132
Gil Cedillo,133
"SHAW, ELAINE D.",134
"SMITH, CHRISTY",135
Ken Park,136
"STIRLING, LARRY",137
Freddie Rodriguez,138
"GARRICK, MARTIN W.",139
"CERVANTEZ ALEJO, KARINA",140
Sandré R. Swanson*,141
"HANLEY, KEVIN J.",142
Damon Dunn,143
James H. Kimber,144
"KASHKARI, NEEL",145
"MARGETT, ROBERT",146
"ARANDA, RUDY",147
Tim Gorsulowsky,148
"SILVA , JAMES W.",149
"CONTI, DIANA",150
William O'Callaghan Leader,151
"RAMANI, SUNDER",152
"MILLER, JEFF",153
"Isadore Hall, III",154
Jim Wood,155
"ONG, JENNIFER H.",156
Colin Patrick Walch,157
"BLAKE, GORDON",158
"WESTWOOD, MARK DAVID",159
"DAVENPORT, ROBERT",160
"PETERSON-MORE, DIANA L.",161
"BRIGGS, MIKE",162
Gladys O. Miller,163
Carl DeMaio,164
"JELINCIC JR., JOSEPH JOHN",165
Paul Cook*,166
"Edmund G. ""Jerry"" Brown*",167
Bob Brunton,168
"TAYLOR, CARLOS",169
"WAKIM, SAM",170
Jean Fuller*,171
"LEVINE, MARC",172
"HORNE, SUE",173
"FLAHERMAN, MICHAEL T.",174
"LUTNESS, CAROLE L.",175
Cristina Garcia*,176
"LIN, MATTHEW",177
Jared Huffman,178
Alex Henthorn,179
Angela Rupert,180
"MACCARLEY, MARK",181
"RISHOFF, LOUISE C.",182
Richard Pan*,183
"CALDERON, RONALD",184
"GOLD, RONALD",26
"POLAKOFF, PHILLIP LEE",185
Chris Mitchum,186
Michael J. Esswein,187
Mitt Romney,188
Paul Cook,166
"CABALDON, CHRISTOPHER",189
"BROWN, CHERYL",75
James (JD) Bennett,190
"MC QUISTON, JON A.",191
"SOTO, DANIELLE",192
Norma J. Torres,193
"ADAMS, ANTHONY",194
"CRETTOL, JIM",195
Raul Bocanegra*,196
"OLIVIER, ART",197
"MACIAS, MICHAEL R.",198
"COHELAN, TIMOTHY",199
"SANFORD, THERESA",200
"BARKAN, ELLIOTT ROBERT",201
"CORREA, LOU",202
"ARMENTA, DAVID",203
Ruth Musser-Lopez,50
"HOUSTON, GUY",204
"BOSWELL, JOSEPH JOHN",205
"CIARDELLA, RICHARD",206
"MOORS, RAYMOND KENNETH",207
"BRIBIESCA , JUAN M.",208
"BLOISE, NICK E.",209
"GOMEZ, JIMMY",210
"VALENTINE, ROBERT S.",211
"MEGAW, JAMES",212
Greg Krikorian,213
Peter Kuo,214
Andy Whallon,215
Sierra Roberts,216
"FIGUEROA, LIZ",217
Blanca E. Rubio,218
"DAVIS, PATTY",219
"HILL, GREGORY CHARLES",220
Jay Chen,221
"LARA-GARDNER, JOSEPH",222
"WILSON, MICHAEL L.",223
"RUPERT, ANGELA",180
"YOUNG, STEVEN R.",224
Arturo Enrique Alas,225
"MUNSON, MATTHEW G.",226
"TAMOM, VANNARITH THOMAS",227
"PADERES, XOCHITL",228
Leo Hamel,229
"PARK STEEL, MICHELLE",230
"TURNER, EDWARD R.",231
Mike Maturen,232
"MICHAEL, WILSON",233
Reginald Byron Jones-Sawyer,234
Luis Alejo*,235
"CONWAY, CONNIE",236
Lathe Gill,237
"NEHRING, RON",238
Allan R. Mansoor,22
"SHELDON, SAM",239
"WHALEN, ROBERT",240
John Garamendi,241
"SANDERS, JOANNE B.",242
"WISSOT, MICHAEL J.",243
"WASHINGTON, PATRICIA A.",244
"FLORA, HEATH",245
"GROPER, RICHARD",246
"CANNELLA, ANTHONY",247
"DAVIS, GRAY",248
"STASEK, ROSEMARY VERONICA",249
"KOPPULA, PATRICK R",250
Ed Hernandez*,251
"HUFFMAN, JARED",178
Todd Gloria,252
"LINDBLAD, JOHN P. (JACK)",253
Janice Hahn,254
Theresa Sanford,200
"IRLANDO, ANDRES",255
"BLOOM, RICHARD",256
Bill Batey,257
Kevin McCarty,258
Jim Frazier*,259
Madison Nguyen,260
"CHU, KANSEN",261
Adam Nick,262
"AGHAZARIAN, GREG",263
Clint Curtis,264
Greg Conlon,265
"GALLAGHER, JAMES",266
Stephen Meade,267
Cory Ellenson,268
"TORRES, NORMA",193
"UMBERG, TOM",269
"MARSHALL, G. RICK",270
"CURTIS, DAVID S.",271
"SPEIER, JACKIE",272
Jenny Oropeza*,273
Warren P. Willis,274
Eric F. Linder,275
"GRAY, ADAM C.",276
"HERRERA, ESAU",277
Al Phillips,278
"STEVENS, GEORGE",279
"DO, CONG THANH",280
Chad Mayes,281
"COHEN, MALIA M.",282
"DYE, DOUGLAS",283
"PIROZZI, ELIA V.",284
"JAWAHAR, C J",285
James Corbett,286
"PETRUZZO, STEPHEN M.",287
Bonnie Garcia,288
"YEE, LELAND Y.",289
"FRIEDMAN, LAURA",290
"CARROLL, DAMIAN",291
Zachary Taylor,292
"CHABOT, PAUL",293
"RIVAS, LUZ",294
"QUINTO, RAY R.",295
"HENTSCHEL, NOEL IRWIN",296
"RUBIN, CHRISTINE",297
"LEYES, MAK",298
Rich Gordon,299
"HERNANDEZ, EDWARD P.",300
"ALI, MICAH",301
"FUENTES, YOLANDA",302
"GAINES, BETH",303
Jack Mobley,304
Todd Zink,305
"SCHAUPP, CHARLES E.",306
"COOK, PAUL",166
Adam Gray*,276
Brad Sherman*,307
"RENDON, ANTHONY",308
"NICKEL, WILEY",309
Nanette Diaz Barragán,310
"DODD, BILL",311
"VALADAO, DAVID G.",312
James E. Theis,313
"YEE, GARRETT S.",314
Kristin Olsen*,315
Rob Walter,316
Patty Lopez,317
"JOHANNESSEN, K. MAURICE,",318
"WILDER, DEBORAH",319
"JENKINS, STEW",320
"JACKSON, MICHAEL A.",321
"KNELL, DEREK P",322
Susan Bonilla,323
"COHELAN, TIMOTHY DOUGLAS",324
"MC CAULLEY, OLLIE M.",325
"CANCIAMILLA, LAURA",326
"MADUENO, VIRGINIA",327
Kenny Coble,328
"SHERARD, MAXINE J.",329
"HODGES, SHERRY",99
"GAINES, EDWARD",330
Mark Leno*,331
"Roderick ""Rod"" Wright*",332
"VARGAS, JUAN C",333
"BACA JR. JR., JOE",334
Bill Lockyer*,335
Scott Wiener,336
"HART, GREGG",337
"TOPALIAN, RITA",338
"STEEL, MICHELLE",230
Al Muratsuchi,339
"CHANG, BARRY",340
"GRAYSON, TIM",341
G. Rick Marshall,270
"ARELLANO, CHRISTOPHER",342
"MENDOZA, GARY S.",343
Jack Orswell,344
"JANG, KEVIN H.",345
"LEYVA, CONNIE",346
"STONE, JEFFREY E.",347
Bao Nguyen,348
"KATZ, ANDY",349
"WATSON, GUADALUPE R.",350
"WESSON, JR., HERMAN J.",351
"CENTER, BRIAN",352
"DE YOUNG, DENNIS",353
"BRUNTON, BOB",168
Paul Chabot,293
"GRANLUND, BRETT",354
"CLARK, JASON P.",355
Juan Vargas*,333
Sharon Quirk-Silva,356
"BRULTE, JAMES L.",357
Jim Judd,358
Amanda Renteria,359
"LUJAN, LOUIE A.",360
"CONNOLLY, DAMON M.",361
"SANSCHAGRIN, MARC",362
"CERVANTES, SABRINA",363
Wayne Miller,364
Melinda K. Vásquez,365
Esiquio Ramos Uballe,366
"OLLER, THOMAS",367
"MONVILLE III, LOUIS G.",368
"KELLY, CHRIS",369
"ALLEN, DEBORA",370
"JOHNSON SR., NORMAN",371
"VERES, STEVE",372
Rick Tubbs,373
Gwen L. Morris,71
"MUNN, JOHN R.",374
"BARTON, JOHN H.",375
"STONE, MARK",129
Morgan Osborne,376
Star Parker,377
Andy Vidak,378
"VASQUEZ, MELINDA K",365
"DUCHENY, DENISE MORENO",379
"CHRISTIAN, RAKESHKUMAR",380
Atul Saini,381
"GILMORE, DANNY D.",382
"JENKIN, WILLIAM R.",383
"VENEGAS, ARTURO",384
"MC CLINTOCK, THOMAS",385
"STEINBERG, DARRELL",386
"BOWEN, DEBRA",387
Grace F. Napolitano,388
"PATTERSON, JIM",389
James Veltmeyer,390
Charles Rouse,391
"YEE , BETTY T.",392
"RIOS, PEDRO",393
"LOWENTHAL, BONNIE",394
Ed Hernandez,251
Catharine Baker,395
Eugene Ruyle,396
"DEROSE, JANINE",397
"DEAR, DONALD,",398
"SANDERS, JOANNE",242
"GALVAN, ISAAC",399
"HAYNES, RAYMOND N.",400
Richard B. Fox,401
Roger Allen Petersen,402
"PODESTO, GARY",403
Adrin Nazarian,404
"LOPEZ, PATTY",317
"SPITZER, TODD",405
Sam Farr*,406
Jeff Miller,153
Mary Christian Heising,407
Allan R. Mansoor*,22
"GIPSON, MIKE A.",408
"QUINTERO, FRANK",409
Janice Hahn*,254
"SPRENGER, BARBARA",410
"LIVENGOOD, ROBERT,",411
"DONNELLY, TIM",412
Matthew Munson,226
Pete Peterson,413
Judy Chu*,414
Juan M. Hidalgo Jr.,415
"VERONESE, JOE ALIOTO",416
Terry Phillips,417
"DALAL, RAJIV",418
"SHEN, GEORGE",419
Barbara Boxer*,420
"MAGGARD, MIKE",421
"WILCOX, DAVID C.",422
"WOOD, CARL",423
Rocky J. Chávez*,424
Joe Baca*,51
"SIGG, CLAY W.",425
Ardy Kassakhian,426
"POOCHIGIAN, CHUCK",427
"KEHOE, CHRISTINE",428
Adrienne Nicole Edwards,429
Bill Quirk,430
"GARCIA, RAQUEL",431
CJ Jawahar,285
Casey Lucius,432
"DEAZTLAN, AMALIA U.",433
"PADILLA, ALEX",72
"LOGUE, DANIEL R.",434
"JOBRACK, SOL",435
"BLOUNT, ANDREW",436
Linda K. Jones,437
"MURRAY, KEVIN",438
"MIKULACO, RONALD P.",439
"HAMMOND, LAUREN R.",440
"ALLEN, TRAVIS",441
James L. Andion,442
"KURZNER, PHILLIP",443
Shirley N. Weber*,444
"DECKER, BARBARA V.",445
Jeff Miller*,153
Van Tran,446
Jane Kim,447
"LESLIE, R. TIM",448
"WELLS, BILL",449
"BAGLEY, SHAWN",450
"ANDERSON, ADAM",451
"SVONKIN, SCOTT",452
"SAMUELIAN, STEVEN N.",453
"ALDANA, MANUEL",454
Kenneth W. Wright,455
"CUTHBERT, ROBERT",456
Alex Padilla,72
Reggie Jones-Sawyer*,121
Freddie Rodriguez*,138
"ROTH, RICHARD D.",457
Diane Gabl,458
"ROBLES, SYLVIA A.",459
"HARMON, HEIDI",460
"NAPOLI, KATHY CHAVEZ",461
"Linda ""Ellie"" Black",462
Paulina Miranda,463
James Gallagher,266
"COSTA, JIM",464
S. Monique Limón,465
"OBERNOLTE, JAY",466
"FLOREZ, DEAN",467
"RAMSEY, CHARLES TILLMAN",468
"YEE, BETTY T.",392
"WAPNER, ALAN",469
"SALINAS, SIMON",470
"FRAZIER JR., JAMES L.",471
"CHOI, STEVEN",472
"ESCUTIA, MARTHA M.",473
Wesley Chesbro*,474
"BACA. JR., JOE",334
Dave Jones,475
"SANDOVAL, GABRIEL",476
"SKLAR, ERIC",477
Rita Topalian,338
Lenore Solis,478
Ashley Swearengin,479
Dan Lungren*,480
"MONNING, WILLIAM W.",481
"SMITH, MARIANNE BOPP",482
"NUNEZ, FABIAN",483
John Chiang*,484
"BUCK, JILL ANN",485
"TOM, UMBERG",486
Barbara Lee,487
Barbara Decker,445
"LEACH, LYNNE C.",488
"BLAIS, NEIL",489
Edward Headington,490
Christina Gagnier,491
Matt Dababneh,492
"JONES-SAWYER SR., REGINALD BYRON",234
"MEGAW, SHARI",493
Gloria Negrete McLeod*,494
"JACKSON, HANNAH-BETH",495
"CARLSON, KEITH",496
Richard Roth,457
"MONTANEZ, CINDY",497
"THOMAS, STEVE",498
Ken Vogel,499
"VINCENT, EDWARD",500
Kevin Mc Carthy*,258
Larry A. Wilske,501
"MUNN, JOHN",374
Grace F. Napolitano*,388
Darrell R. Fong,502
"MURRAY, CYNTHIA L.",503
Nancy Skinner,504
Pat Meagher,505
"STEINER, DUSTIN M.",506
"Jose ""Joe"" Moreno",507
"POPP, ELENA",508
"BROWN, RYAN K.",509
"OLSEN, KRISTIN M.",315
"CHIANG, JOHN",484
"BERRYHILL, TOM",510
"MEUSER, MARK",511
Howard L. Berman,512
Ben Hueso*,513
"GROPER, RICHARD P.",246
"SWEARENGIN, ASHLEY",479
Mike Morrell*,514
"GOULD, JOHN",515
"WIECKOWSKI, ROBERT",516
Ryan Downing,517
"TAYLOR, RENEE N.",518
Rene Pineda,519
"HAUGHEY, THOMAS P.",520
Heath Flora,245
"PHILLIPS, STEVE",521
"LOGUE, DANIEL",434
Bob Hertzberg,522
Jared Huffman*,178
"POPE, MATTHEW J.",523
Dawn Ortiz-Legg,524
"RITCHIE, EDWARD H",525
"WARNER, RUSS",526
Steve Fox*,527
"HARE, DAVID M.",528
Eileen MacEnery,529
Adam Gray,276
"Edwin ""Ed"" Chau",530
Peter Amundson,531
"DHILLON, HARMEET K.",532
"PINE, DAVE",533
Bob Wieckowski,534
"FLYNN, JOHN T.",535
"BILLECI, CHRISTINA R.",536
"JONES, WILLIAM L.",537
"BREYER, MICHAEL C.",10
Randy Loftin,538
"GARAMENDI, JOHN",241
"GAINES, BETH B.",303
Nancy Pelosi*,539
"GROVE, SHANNON",540
"SBRANTI, TIM",541
Sebastian Mark Ridley Thomas*,542
Sally J. Lieber,543
"MAC MURRAY, JOHN P.",544
Jerry Brown,545
Rick D. Redding,546
"NOWATKA, PAUL M.",547
"BIGELOW, FRANK",548
"CHAVEZ, EDWARD \ED\""""",549
"NORBY, CHRIS",550
"AGBALOG, ROMEO",551
Rob Rowen,552
"CAMPOS, DAVID",553
Edward Ritchie,525
Ari Grayson,104
Palmer Kain,554
"BACA, JEREMY",555
"MOBLEY JR. , JACK M.",556
Tue Phan,557
"ALARCON, RICHARD",558
Darrell Issa,559
"NEAL, STEVE",560
Mark Stone,129
"HOLDEN, NATE",561
"AMMIANO, TOM",562
John Coffey,563
"SAENZ, EDGAR",564
"MCGARRY, NELLIE",565
Loretta Sanchez*,566
"MC GUIRE, MIKE",567
"GORELL, JEFF",568
"TUROCI, TODD L.",569
"ELLIS, STANLEY WILLIAM",570
"BATEY, WILLIAM",571
"PARKER, DARREN W.",572
"BLUMENFELD, ANDREW J",87
"CACCIOTTI, MICHAEL ANTHONY",573
Hillary Clinton,574
"MILLER, DAVID D.",575
Phil Paule,576
"MEUSER, MARK P.",511
"FERGUSON, JAMES C.",577
"BERMAN, MARC",578
"ALIOTO-PIER, MICHELA",579
"DUNN, JOSEPH",580
"DAUCHER, LYNN",581
"CONRAD, WILLIAM",582
"BARIC, STEVE",583
"MC CARTY, KEVIN",258
"Gerald ""Gerry"" Manata",584
"LANCASTER, CHRISTOPHER W.",585
Baron Bruno,586
"QUINTERO, ANDRE",587
"RUSNAK, VICTORIA",588
John A. Perez*,589
Angel Cardenas,590
Mike Honda*,591
"ALBERT-SHERIDAN, LENORE L.",592
Jill Stein,593
"PARDUE-OKIMOTO, ROCHELLE",594
Patricia A. Kotze-Ramos,595
"BARRIENTOS, MARY",596
"ERLICH, DAVID M.",597
"MENDOZA, SANDRA Y.",598
"DAVIS, STEVEN",599
"PUGNO, ANDREW",600
"HOFFMAN, ANDRA",601
Robert Murray,602
Adam B. Schiff,603
"ARNERICH, NEWELL",604
Gilbert V. Gonzales,605
"FIREBAUGH, MARCO",606
"SANCHEZ JR., ANGEL",607
Ami Bera,608
"CASSIDY, ANDREW J.",609
Walter O. Villarreal,610
Tom Torlakson,611
Bill Dodd,311
Julia Brownley,612
Hannah-Beth Jackson,495
Michael Havig,90
Cheryl Cook-Kallio,118
"DUNN, JOE",613
"CARLSTROM, ERIN",614
"MC CARTY, KELLY",615
Steve Fox,527
Jimmy Panetta,616
"NICKEL III, GEORGE W.",617
"GROVEMAN, BARRY",618
"CHANG, LING-LING",619
Zoe Lofgren*,620
David B. Secor,621
"BACA JR., JOE",334
"HANCOCK, LONI",622
"PEACE, STEVE,",623
"HODGE, JASON",624
Chris Norby*,550
"KEENE, RICHARD J.",625
Dave Peiser,626
"BREWER, MARILYN C.",627
"FRANDSEN, GREY",628
"PARK, KEN",136
Phil Ting,629
"BROWN, ROBERT K. \ROB\""""",630
Tim Grayson,341
"TORGAN, BRADLY S.",631
Suzanne Joyce Savary,632
Bob Filner*,633
Lucille Kring,634
Conrad Melton,635
"PERKINS, ROBERT E.",636
"DAVIS, SAUNDRA",637
Gil Navarro,638
Dave Jones*,475
Rudy Aranda,147
Gloria Estela La Riva,639
"LOWE, ROBIN",640
Jackie Speier,272
Matthew Herold,641
Rodney D. Robinson,642
Steve Knight,643
"ING, MITCHELL",644
N Eugene Cleek,645
Bill Berryhill*,646
"CEDILLO, GILBERT",133
"MAGEE, ROBERT E.",647
"MEDINA, ABIGAIL M.",648
"ANTONOVICH, MICHAEL D.",60
"VOGEL, KEN",499
"RICASA, ARLIE",649
"HOWARD, JANE",650
Abel Maldonado,651
"HOLLINGSWORTH, DENNIS",652
Kevin De Leon,653
Connie M. Leyva,346
Charlie Schaupp,306
"MC CARTHY, KEVIN",258
"MAC CARLEY, MARK J",181
"WIENER, SCOTT D.",336
Tony Cardenas*,654
Lincoln Pickard,655
Brian Maienschein*,656
"STINCHCOMBE, KAI H.",657
Michael Crimmins,658
Nathan Mintz,659
"GUERRA, MARIO A.",6
Autumn Burke,660
"SIEGLOCK, JACK A.",661
"BLANTON, STEVE",662
John Tavaglione,663
Cristina Garcia,176
Diane L. Harkey*,664
Greg Rodriguez,665
"NEWSOM, GAVIN",666
"POLANCO, RICHARD",183
Julie Craven,667
Warren Furutani*,97
"MARTINEZ, DIANE",668
"FEUER, MICHAEL NELSON",669
"OROPEZA, JENNY",273
"BOCANEGRA, RAUL",196
K. Bruce Brown,670
"MOBLEY, JACK",304
"SHERMAN, BRAD",307
Kristin Olsen,315
"BECERRA, XAVIER",41
"MACALUSO, FRANK A.",671
John A. Pérez*,589
"SPEIER, JACQUELINE",672
Jerome E. Horton,84
"GLOVER, MICHAEL G.",673
Lenore Albert-Sheridan,592
"DOUGLAS, FARRAH",674
"BONHACH, HEATHER PETERS",675
"SEGURA, MARTA",676
"Antonio ""Tony"" Amador",59
"FOSTER, BOB",677
"WERDEGAR, KATHRYN",678
Young Kim,679
"MC CAMMON, WILLIAM J.",680
Susan A. Davis*,681
"CHAVEZ, RENEE",682
Tom Ammiano*,562
Howard L. Berman*,512
"MOUNTJOY, DENNIS",683
"RAO, ROBERT",684
"NESTANDE, BRIAN",685
Lou Correa*,202
Linda T. Sánchez*,686
Henry J. Bestwick,687
Gary DeLong,688
"HEWITT, JEFFREY",689
"KROUSE, THOMAS",690
"MC FADDEN, BRADLEY J.",691
"BOGH, RUSSELL V.",692
"EISENHUT, JOHN",693
"SMITH, ROBERT W.",694
David Erlich,597
"LOWENTHAL, JOSH",695
Ted Gaines*,696
Ryan K. Brown,509
"MORROW, BILL",697
Kevin Mullin,698
Adam Joshua Miller,699
"PHARES, ANA VENTURA",115
Jose Solorio,700
Michael Williamson,701
"RIGHEIMER, JIM",702
"VELAZQUEZ, IGNACIO",703
"EBENSTEIN, JEFF",704
"KELLEY, DAVID G.",705
"ROWEN, ROBERT J.",706
Steve Fazio,707
"MIRANDA, PAULINA M.",463
Casey C. Higgins,708
"BROWN JR., WILLIE L.",709
"ALLARD II, JOHN B.",710
"FROST, ROBERT",711
Adrin Nazarian*,404
"DEL CARLO, MATTHEW S.",712
Bill Monning*,713
"INKS, JOHN M.,",714
Merlin Froyd,715
"RIDLEY-THOMAS, MARK",716
"K.H. ""Katcho"" Achadjian*",717
"KURTH, DON",718
"WILSON, THOMAS W.",719
"SKIPWORTH, STANLEY T.",720
"HOGUE, ERIC K.",721
"VOORAKKARA, SID",722
"NEAL, KATHY",723
"Robert ""Bob"" Huff*",724
"GRIESS, GABE",725
"HUFF, ROBERT 'BOB'",724
Barack Obama*,726
"TRAN, JOHN",727
"JAFRI, KHALID JEFFREY",728
Jerome E. Horton*,84
"CABALLERO, ANNA",729
Garrett M. May,730
"MULLIN, GENE",731
"HARTZ, BARRY K.",732
"LLOYD, JUDY BIVIANO",733
Eric Shooter Hickok,734
"CHU, JUDY",414
"NAVA, PEDRO I.",735
"PETERSON, PETE N.",413
"SANCHEZ, ANTONIO",736
Jim Costa,464
"MILSTEIN, ELEYNE S.",737
"ELLENSON, CORY H",268
"FILSON, STEVE",738
"YOUNG, STEVE",224
"DE OCAMPO, ALEX",739
"CASERTA, DOMINIC J.",740
Phil Jennerjahn,741
Brigham Sawyer Smith,742
Michael Allen,743
Das Williams*,744
"DOVINH, JOE",745
"ROTHMAN, JASON A.",746
"URIAS, BRYAN",747
David R. Hernandez,748
"ALPERT, DEDE",749
"MILLER, ADAM J.",103
"RASMUSSEN, LESA",750
Dakin Sundeen,751
Frank Bigelow,548
Kerry J. Nelson,752
"MURRAY, ADAM",753
Connie Conway*,236
"KENNEDY, JOHN",754
"NELSON, CRISTI",755
Karen Brooks,756
Martha E. Flores-Gibson,757
"Fotios ""Frank"" Tsimboukakis",758
Nick Bloise,209
"BEECHAM, NANCY LEE",759
"JACOBI, VERONICA S.",760
"ANDERSON, KATE",761
"VIDAL, THOMAS H.",762
"GREEN, MARK",763
Beth B. Gaines*,303
"CAMPOS, NORA",764
"PAN, RICHARD",183
"AGUIRRE, RICHARD",765
"PACHECO, GAYLE E.",766
"DABABNEH, MATTHEW",492
"BENOIT, JOHN",767
Miguel Santiago,768
"BIRNBAUM, RON",769
Larry Aceves,770
Loren Hanks,771
Stephen C. Smith,772
"ROBINSON, JACQUE",773
Mike Honda,591
"MEDINA, JOSE J.",29
"Suzanna ""Sam"" Aguilera-Marrero",774
Glen Ratcliff,775
"COOLEY, KEN",776
"SMITH, MEL",777
"BENNETT, JEFFREY P.",778
"BLAKESLEE, SAM",779
"HODGES, SHERRY M.,",780
"FLORES-GIBSON, MARTHA",757
"GALGIANI, CATHLEEN",132
"GARCIA, EDUARDO",781
Rudy Salas*,782
"IGLESIAS, CECILIA",783
"WOLK, LOIS",784
Pedro A. Rios,393
"SALADINO, MARK J.",785
Robert M. Hammond,786
"ALDANA JR., MANUEL",454
Duncan Hunter,787
"PARRA, NICOLE",788
"SILVA, JIM",131
Ken Arnold,789
"LANCASTER, GORDON K.",790
Anna Caballero,729
"JONES, DAVE",475
"PANAHI, SEAN JAY",791
"BONILLA, SUSAN",323
"CRISTICH, CRISTI L.",792
"HUESO, BEN",513
"THOTTAM, PETER L.",793
"TORLAKSON, MAE",611
Laura Friedman,290
"HUNTER, TRICIA RAE",794
"MARQUEZ, LUIS",795
Luis Alejo,235
"GLORIA, TODD",252
Evelyn Li,796
Jimmy Gomez*,210
Ed Chau,797
"QUIRK, BILL (WILLIAM J.)",798
"SKINNER, NANCY",504
Brandon Shoemaker,49
"EBENSTEIN, JEFFERY",704
"HAYASHI, MARY",799
Emilio Huerta,800
"OLBERG, KEITH R.",801
"LAND, ABBE",802
"STEINMEIER, JOANN",803
"BLAKE, JUSTIN",804
"BOSETTI, RICK A.",805
"SMITH, RON",806
Mark Starritt,807
"TORLIATT, PAMELA",808
Jaime Patino,809
"Marco Antonio ""Tony"" Leal",810
"FURUTANI, WARREN T.",97
Ken Calvert,811
Carl Wood,423
"BRANDT, JIM",812
Brian Nestande,685
"MC COY, ROB",813
Dianne Feinstein*,814
"PETERSON, PETE",413
"WICKMAN, RENEA",815
"ALVAREZ, CLAUDIA",816
"DAVIS, PATRICIA S.",817
Nicholas Sclavos,818
Peter O. Anderson,819
"UEBERROTH, PETER",820
"FOX, STEVE",527
"GONZALES, RICARDO M.",821
"STODDER, SETH",822
"HARRINGTON, MICHAEL",56
"KIGHT, CARL P.",823
"MENDOZA, RUDY",824
Ed Chau*,797
Abram Wilson,825
"LAURITSEN, JOHN",826
"HOLT PFEILER, LORI",827
"ZACARIAS, HILDA",828
Ed Royce*,829
"Joe Baca, Jr.",830
"SCHNUR, DAN",831
Karen Bass*,832
"KRIEGEL, DOUG",833
"HOLDEN, CHRIS",834
"BRUNO, BARON",586
Judy Jones,835
"MISSAKIAN, CRAIG",836
"LEMPERT, TED",837
"VON SZELISKI, HEIDI J.",838
"CAPLES, BRIAN",839
Betty T. Yee*,392
Frank Miranda,840
"SOLORIO, JOSE",700
Bryan Caforio,841
Jim Patterson,389
"LEJA, JAN",842
Fiona Ma,843
Toni Atkins,844
"RODRIGUEZ, DIANA",845
Esmeralda Castro,846
Mark S. Reed,847
Ramiro Alvarado,848
"LIMON, S. MONIQUE",465
"MIGDEN, CAROLE",849
"HOSTERMAN, JENNIFER",850
"STRICKLAND, AUDRA",851
"REED, ROMAN",852
Charles E. Wilkerson,853
"SINGER, DIANE",854
"HARRIS, EDWARD B.",855
Laurence Kotlikoff,856
"SANDER, DAVID",857
"MITZELFELT, BRAD",858
Tim Donnelly,412
Ken Anton,859
"COSTA, JAMES M.",860
Claire Chiara,861
Joaquin Arambula,862
"RICO, STEPHEN F.",863
"VIDAK, JAMES ANDREW",864
Toni Atkins*,844
"BAKER, CATHARINE",395
"KRIKORIAN, GREGORY S.",213
Rob Bonta*,66
"VOEPEL, RANDY G.",865
"JEFFRIES, KEVIN D.",866
Salud Carbajal,867
"TOMAN, MARY",868
"SIMITIAN, S. JOSEPH",869
"STAMMREICH, JOHN S.",27
Kevin McCarthy*,258
Julia Brownley*,612
"KOLSKI, CHRIS",870
"WATERFIELD, ETTA",871
Richard Bloom*,256
"STROM-MARTIN, VIRGINIA",872
Lee C. Rogers,873
Ofelia Velarde-Garcia,874
"ARAMBULA, JUAN",875
"CALDERON, IAN",876
"LOPEZ, LUIS",877
"KELLY, DAN",878
"BURTON, JOHN L.",375
"VARGAS, JUAN",333
"PAVLEY, FRAN",879
"MILES JR., LAWRENCE W.",880
George Runner*,9
"ORTEGA, BARBARA",881
Mike Thompson,882
"PERKINS, CHARLES E.",883
Bill Monning,713
"MONVILLE III, LOU",368
"ALDEN, JOHN W.",884
Linda T. Sanchez*,686
Jonathan Zachariou,885
"PAPAN, GINA",886
Judy Chu,414
Ronald S. Calderon*,184
Bob Dutton,887
"SIMONOFF, MARTY",888
"SHAW, LYNNETTE M.",889
Dave Miller,890
"FRIEDMAN, JONATHAN",891
"BHATT, ASHIK K.",892
Duncan D. Hunter*,787
"CHIU, DAVID",893
"MADISON, JONATHAN E.",894
"VERRONE, PATRIC",895
"GROSE, TED",896
"ROACH, DERRICK",897
"QUINONES, PEARL",898
"ORTIZ, DEBORAH V.",899
"CHACON, HECTOR",900
Hilda Zacarias,828
"BOSETTI, RICK",805
Ron Nehring,238
"GIPSON, MIKE",408
Mike Everling,901
"GLAAB, PAUL",902
"LINCOLN, KEVIN",903
"BENNETT, JAMES D.",190
"DE VORE, CHARLES S.",904
"KANG, SUKHEE",44
"BRACAMONTES, MICHAEL",905
Doug Applegate,906
"Michael ""Mickey"" Harrington",907
"ERVIN, JOHNATHON",908
"MC GILL, MICHAEL JOSEPH",909
Neel Kashkari,145
Anna G. Eshoo,910
"YEAGER, KEN",911
Ed Royce,829
"JAHN, WILLIAM E.",912
"Alfonso Faustino, Jr.",913
"LIU, CAROL",914
Mimi Walters,48
"DELGADILLO, ROCKARD J.",915
"PAPAN, VIRGINIA",916
"SLONSKY-BREAULT, ROSEANN",917
Ben Hueso,513
"KEELEY, FRED",918
Joel Block,919
"MEDINA, ABIGAIL",648
"ANDREAS, MARY ANN",920
Ian C. Calderon*,876
"Curren D. Price, Jr.*",921
"PEREZ-ESTOLANO, KATHERINE A.",922
"GLAAB, PAUL G.",902
"MARTINEZ, VICTORIA",923
"SCHAUPP, CHARLES",306
"LARRABEE, JASON",924
"HESSELEIN, DERRICK C.",925
"BERRYHILL, THOMAS C.",926
"REYNAGA-EMETT, CORKY",927
"JOHN, ALDEN",928
"ARMENTA, CHRISTOPHER R.",929
"KAIN, PALMER",554
"SPENCE, MIKE",930
"STEPHENS, ROBERT L.",931
Richard Reed,932
Kim Vann,933
"HARMAN, DIANNE D.",934
"ARMENTA, DAVID W.",203
Jerry Hayden,935
"HUNTER, TRICIA",794
Patrick D. Hogan,936
"SALAS JR., RUDY",782
"MACHADO, MICHAEL J.",937
"Veronica ""Roni"" Jacobi",760
"PEREZ, LETICIA",938
"MA, FIONA",843
"LA MALFA, DOUG",939
"WINSLOW, WILLIAM L.",940
"DYMALLY, MERVYN",941
Fortney Pete Stark*,942
Tom McClintock*,385
"DIRIDON JR., RODNEY",943
"NGUYEN, MADISON",260
"BURKE, AUTUMN",660
"PINEDA, DOROTHY",944
Robert Chandler,945
"BUSTAMANTE, CRUZ M.",946
"BROOKS, KAREN",756
Hugh Bussell,947
Mark Takano*,948
"OLBERG, R. KEITH",801
"RODRIGUEZ, FREDDIE",138
Julie Griffith-Flatter,949
Jeff Gorell,568
"CHESBRO, WESLEY",474
"PETTIS, GREGORY S.",950
"KASPERZAK JR., R. MICHAEL",951
"EU, MARCH FONG",952
David L. Miller,575
"WILLOUGHBY, ANTHONY",953
David Valadao*,312
"KRING, LUCILLE",634
Jerry Kowal,954
Lorena Gonzalez*,955
"REYES, ELOISE",956
Shannon Grove,540
"STEINORTH, MARC",957
Dennis Deyoung,353
"WAPNER, ALAN D.",469
"PAROSKI, SEAN",958
John Renison,959
"SHAW, TIM",960
"IMBASCIANI, VITO",961
Gregg D. Fritchle,962
Tony Cardenas,654
"SONG, PAUL",963
"COTO, JOE",964
Ronald Paul Kabat,965
"PORTANTINO, ANTHONY",966
"WALKER, PROPHET",967
"MILLER, GLENN A.",968
"SNODGRASS, DONNA J.",969
Darcel Woods,970
"DEFRANK, DAVID",971
Karina Onofre,972
"HERTZBERG, ROBERT",973
Tom Daly*,974
David Hadley,975
"LEVEY, JONATHAN",976
"CHABOT, PAUL R.",293
"COPPES, GREGORY L",977
"KIM, YOUNG O.",679
Charles M. Calderon*,978
"PESCETTI, ANTHONY",979
"RIDDLE, PHLUNTE",980
"NESBET, BARBARA",981
"MCGILL, MICHAEL",982
"HODGE, JASON T.",624
Holly J. Mitchell*,983
"KOUNALAKIS, ELENI",984
Larry S. Andre,985
"CALDERON, THOMAS M.",986
"PLESCIA, GEORGE A.",987
Nachum Shifren,988
"LEYES, MARK A.",298
"GRAY, MATTHEW W.",989
Shannon Grove*,540
Das Williams,744
"PINARD, MARGARET ANN",990
"WASHINGTON, CARL",991
"COOK, PAUL J.",166
"GILBERT, JOANNE T.",992
John Moore,993
Suzanne Olivos,994
"GAINES, EDWARD T",330
"VELARDE-GARCIA, OFELIA",874
"RODITIS, KONSTANTINOS",995
"NEMETH, EDWARD J.",996
Ted W. Lieu,997
Roger Dickinson,998
Raul Garcia,431
Ling-Ling Chang,619
Rob Bonta,66
Sabrina Cervantes,363
"VEENKER, VICKI",999
"HARDY, STEVE M.",1000
Sandré R. Swanson,141
"LENO, MARK",331
Kevin R. Scott,1001
Rob Maffit,1002
"VIDAL, THOMAS",762
"GUBLER, WARREN",1003
Rocky J. Chavez,424
"BRUNNER, JANE",1004
"PHILLIPS, AL",278
Paul A. Smith,1005
Brian Caples,839
"BULLOCK, DENNIS R",1006
Art Kiesel,1007
Abel Guillen,5
Anthony Rendon,308
Ricardo Antonio Benitez,1008
"SWANSON, SANDRE",141
"BUCHANAN, JOAN",1009
"KIM, YOUNG",679
"CAMEJO, PETER M.",1010
"CONRAD, BILL",1011
"KARNO, NICK",1012
Nancy Pelosi,539
"WARREN, ELIZABETH",1013
"WAKIM, SAMUEL",170
Anthony J. Portantino,966
"BARAJAS, ESTHER",1014
Ellen M. Corbett*,81
Patrick O'Donnell,1015
"DE LA FUENTE, IGNACIO",1016
Terry Rathbun,1017
"PULLEN-MILES, ROBERT",1018
"RIOS, PEDRO AYON",393
Ron Smith,806
"HUNT, CLARENCE",1019
"UMBERG, THOMAS J.",1020
Marie Waldron,1021
Rob McCoy,813
"PONCE, JAIME OLIVER",1022
Michael Eggman,1023
Kevin McCarthy,258
Noel A. Jaimes,1024
"BUTTERFIELD, PAUL",1025
"AGUIAR-CURRY, CECILIA",1026
"GREENE, LYN",1027
"HORSPOOL, RAYMOND P.",1028
Bob Flores,1029
Rudy Salas,782
"NELSON, KERRY J.",752
Robert Bernosky,1030
Ricardo Lara,122
"WALDRON, MARIE",1021
"CURRY, KEITH",1031
Donna Lowe,73
"MCGRATH, ROSALIND A.",1032
"COOLEY, STEVE",1033
Christy Smith,135
"GAINES, TED",696
Cynthia Santiago,1034
Josh Newman,94
Kathleen Henry,1035
"O'CONNELL, JACK",1036
Sherry Walker,1037
"PETTIS, GREG",1038
David Dreier*,1039
"PORTILLO, CESAR",1040
"HARGROVE, KARALEE B.",79
"MANAYAN, HENRY C.",1041
"LUTNESS, CAROLE",175
Ray Lutz,1042
"YOUNG, STEVEN RAY",224
"QUINTERO III, FRANK",409
"SCHERMAN, SOPHIA GONZALES",1043
"RENISON, JOHN",959
"SCOTT, JACK",1044
"HARRINGTON, MICHAEL \MICKEY\""""",907
Wendy Gabriella,1045
"MC HUGH, PETER A.",1046
"ALI, ANILA",1047
"HARRIS, ELIHU",1048
"GERBER, DONNA C.",1049
"MC IVER, BARBARA G.",1050
Cameron M. Smyth*,1051
"EASTIN, DELAINE",1052
Tom Watson,1053
"ZETTEL, CHARLENE",1054
Rudy Mendoza,824
"THOMSON, HELEN M. (WITHDRAWN)",1055
Jerry Tetalman,1056
"HOWORTH, AMY",1057
"DUTRA, JOHN A.",1058
"GENTRY, DORIS L.",1059
"ARONER, DION",1060
"ADAMS, STEVE",1061
"DOMINGUEZ, FRANCISCO",1062
"Chengzhi ""George"" Yang",1063
"BERMUDEZ, RUDY",1064
"HARKEY, DIANE",664
"SIMMONS, RICHARD J.",1065
Tom Walsh,1066
Brian Daniel Whelan,1067
"AKILI, GREGORY",1068
"ECHOLS, ELIZABETH",1069
"IVIE, RICKEY",1070
"MCDONALD, KRISTINE LANG",1071
Robert Carabas,1072
"MANN, CHRIS",1073
"FIREBAUGH, MARCO ANTONIO",1074
Donald J. Trump,1075
"KARNETTE, BETTY",1076
"RUSKIN, IRA",1077
"TRAN, KIM NGOC",1078
"HUDSON, MICHAEL J.",1079
Charlotte A. Svolos,1080
Dan Logue,434
"GOLDBERG, JACKIE",1081
"MONTEITH, DICK J.",1082
Kamala D. Harris,1083
William Rodriguez Morrison,1084
Kevin D. Melton,1085
"MC DONALD, KRISTINE L.",1071
"CANCIAMILLA, JOSEPH",1086
"TOPALIAN, RITA H.",338
Gloria Negrete McLeod,494
"MARCIANO, GEORGES",1087
"ZOSLOCKI, WILLIAM",1088
Jay Obernolte,466
"WESSON, HERMAN J",1089
Carly Fiorina,1090
Danny R. Turner,1091
"LA SUER, JAY",1092
Gregory Allen,1093
"Ruben ""RJ"" Hernandez",1094
Nicholas Shestople,1095
"CAMEJO, PETER MIGUEL",1010
"KRAFT, GREGORY A.",1096
"HILL JR, SAMUEL JOEY",1097
"SCHANZ, TERRY",1098
Anna G. Eshoo*,910
Cheryl R. Brown,75
"NAKANISHI, ALAN S.",1099
Mark Reed,847
Fran Pavley*,879
"MATHIS, DEVON J.",1100
"HERNANDEZ, MANUEL P.",1101
"LYONS, JOSEPH",1102
"DAYSOG, ANTHONY H.",1103
"FULLER, JEAN",171
"HOSTERMAN, JENNIFER A.",850
"DE LA PIEDRA, MARIO",1104
Juan Vargas,333
"WATERFIELD, HENRIETTA CARMEN",1105
"PERRY, LAURA",1106
"DICK, LARRY",1107
"CRAFFEY, MATTHEW G.",1108
"RAMIREZ, FRANCISCO",1109
Darrell Steinberg*,386
"ROBEY, ED A.",1110
Elizabeth Emken,1111
"TAITZ, ORLY",1112
"BROWNLEY, JULIA",612
"MASRY, FERIAL",1113
Henry A. Waxman*,1114
"SCLAVOS, NICHOLAS C",818
Marc Levine,172
"SANCHEZ, ALFONSO",1115
"NARITELLI, LAWRENCE",1116
"ACKERMAN, RICHARD",1117
"BORGEAS, ANDREAS",1118
"BLOUNT, STEVE",1119
"PRICE, PAMELA",1120
"BROWN, WILLIE L.",709
"SKIPAKEVICH, MICHAEL",1121
"URANGA, TONIA R.",1122
"LEVINE, DANIEL",1123
"PHILLIPS, ESTES A",1124
Douglas P. Dye,283
Donn Coenen,1125
"MCKINNEY, DON",1126
"BARTH, STASYI A.",1127
Shirley N. Weber,444
Bill Bloomfield,1128
"BADE, OTTO R.",1129
"THURMOND, TONY",1130
Curt Hagman*,1131
Shirley Weber,444
"HOLOBER, RICHARD",1132
"HARDEN, DAN",1133
Ian C. Calderon,876
Matt Dababneh*,492
"RUBIO, SUSAN",1134
"Antonio C. ""Tony"" Amador",59
"GALLEGOS, MARTIN,",1135
David Campos,553
"BENNETT, AUSTIN",1136
"THIESEN, TIM",1137
Holly J. Mitchell,983
"ACOSTA, DANTE",1138
Otto Lee,1139
"VAZQUEZ, TONY",1140
"ALLEN, MICHAEL J.",743
Roseann Slonsky-Breault,917
"PHAM, LONG K.",1141
Bill Quirk*,430
"LEROE-MUNOZ, PETER B.",1142
"WOLK, DANIEL M.",1143
Ro Khanna,1144
"GALLARDO-ROOKER, ALEXANDRA",1145
Mark DeSaulnier*,1146
"LEHMAN, CHRIS",1147
"SALAS, MARY H.",1148
"FUENTES, JORGE SALOMON",1149
Christopher Salabaj,1150
"FONG, PAUL",963
Frank Bigelow*,548
"OLIVIER, CLINT",1151
"WAGNER, DONALD P.",28
"LE, VAN",1152
Chuck Page,1153
"DICKINSON, ROGER",998
Lou Correa,202
"WARREN, ACQUANETTA H.",1154
"KEENE, RICHARD",625
Star Moffatt,1155
"CONLON, GREG",265
"CHERNY, ANDREI",1156
"PEREZ, JOHN A.",589
"BOYD, MARC",1157
Cecilia M. Aguiar-Curry,1026
"JEHN, ROBERT KEITH",1158
"HARRIS-FORSTER, LINDA",1159
"PETERSON-MORE, DIANA",161
Brett Murdock,1160
Diana G. Shaw,1161
Adam Schiff*,603
"KNIGHT, STEVE",643
Johnny M. Tacherra,1162
"GABRIEL, JESSE",1163
Russ Warner,526
Katcho Achadjian*,717
"CHAN, WILMA",1164
"BROWN, DAVID K.",1165
"BANNISTER, WESLEY M.",1166
"KUO, PETER",214
"DALE, JACK",1167
Gavin Newsom*,666
"MULLIN, GENE R.",731
Scott Kirkland,1168
"DICKSON, KENNETH C",1169
"ALLEN-NEWMAN, SAMANTHA",1170
V. Manuel Perez*,1171
Wendy Reed,1172
"DUTRA, JOHN",1058
"HAGMAN, CURT",1131
"CHEN, PHILLIP",1173
"LOCKYER, BILL",335
Karen Bass,832
"SOTO , NELL",1174
Ralph Denney,1175
"MINTZ, NATHAN M.",659
"PRICE, CURREN D.",31
Harinder Grewal,1176
"DIAZ, HECTOR",1177
John Uebersax,1178
Linda T. Sánchez,686
"CHOI, PETER",1179
"PIERCE, LEE",1180
Marilyn M. Singleton,1181
Keith Brandon Mc Cowen,1182
"WICKS, BUFFY",1183
"MEZA, MICHAEL G.,",1184
Doris Gentry,1059
Matthew Del Carlo,712
"GATTO, MIKE",1185
Nader Shahatit,1186
"METTLER, KENNETH L.",1187
Ted Gaines,696
"DALY, TOM",974
Christina Avalos,1188
Bill Hedrick,1189
"YAMADA, MARIKO M.",21
"MACHADO, GERARD J.",1190
Laura Richardson*,1191
Henry T. Perea*,1192
"ALBY, BARBARA",1193
"HAHN, JANICE",254
"HUBER, ALYSON",1194
"HALLINAN JR., TOM",1195
"SHAW, DIANA",1161
"JONES, ROBERT L.",1196
"HAMEL, LEO",229
Rosalind Freeman,1197
"NAVA, PEDRO",735
"RUBIO, MICHAEL",34
"SHAW, LYN",1198
David Harmer,1199
"FLETCHER, NATHAN B.",1200
Brian A. Gutierrez,1201
"SAYLOR, DON",1202
"CANCIAMILLA, LAURA S.",326
"BENNETT, JD",1203
"AVALOS, CARMEN",1204
Ben Allen,1205
"HAYASHI, DENNIS",1206
"PEREZ, JULIO",1207
"SIMMONS, EVE",1208
Nora Campos*,764
"KINNEY, RICHARD",1209
Jerry Hill,3
"SALDANA, LORI",1210
"LOO, KENNETH J.",1211
"BEALL, JIM",1212
"WILLIAMS JR., HENRY L.",1213
"MC PHERSON, BRUCE A",1214
"GONZALEZ, LORENA",955
Abigail Medina,648
John Paul (Jack) Lindblad,253
Jose Medina,29
"DEVORE, CHUCK",1215
"LONGVILLE, JOHN",1216
Sharon Quirk-Silva*,356
Mark P. Meuser,511
"CHAVEZ, CHRISTINE",77
"John Wood, Jr.",1217
Bob Conaway,1218
Rick Bosetti,805
Bill Emmerson*,1219
Doug Shepherd,1220
"HALLINAN, TOM",1195
Marie Waldron*,1021
"RICHARDSON, LAURA",1191
Steve Sanchez,1221
Phil Ting*,629
"PACKARD, SCOTT D.",1222
"RAMIREZ, RUDY",1223
Nick Popaditch,1224
"HILTON, JAWANE",1225
"DENHAM, JEFF",64
"ZACHARIOU, JONATHAN",885
"WAGNER, DON",1226
Johnathon Levar Ervin,1227
"NIELLO, ROGER",1228
Marc Steinorth,957
Chris Holden*,834
"MEDFORD, JAMES D.",1229
"VARGAS, MARK",1230
"VILLARAIGOSA, ANTONIO",1231
Loraine Goodwin,1232
"GONZALEZ, LORENA S.",955
Andy Vidak*,378
"DE SAULNIER, MARK",1146
"HAMMOND, LAUREN",440
John C. Goya,1233
"FORSCH, GLEN",1234
Joe M. Gardner,1235
Steve Young,224
"POLLOCK, DAVID",1236
Betty T. Yee,392
Brian Hendry,1237
"MENCHACA, ALEJANDRO",1238
Patrick Malloy,1239
"KONNYU, ERNEST L.",1240
Todd Royal,1241
"ARNOLD, LEFRANCIS",1242
"VELDSTRA, RICK",1243
Jeff Taylor,1244
Mike Morrell,514
Dante Acosta,1138
"WATSON, LUPE RAMOS",1245
Benjamin Campos,1246
Lois Capps*,1247
Doug La Malfa*,939
Mike Davis*,1248
"BUTLER, BETSY",1249
"WALKER, DAN",1250
"LEVITT, SCOTT L.",1251
"MEDINA, JOSE",29
"MAESTAS, KATHERINE E.",1252
Dan Logue*,434
"POPE, CARTER N.",1253
George Miller*,1254
"ODEN, RON",1255
Mesbah Islam,1256
Anne Cameron,1257
Susan Talamantes Eggman*,1258
"SHELLEY, SUSAN",1259
Dale K. Mensing,1260
David G. Valadao,312
"LACKEY, THOMAS W.",1261
"ORTIZ, DEBORAH",899
John Campbell*,1262
Tony Mendoza,1263
"TURNER, BISHOP EDWARD",1264
John Chiang,484
"VILLARAIGOSA, ANTONIO R.",1231
"ORNELLAS, LEROY",1265
Mae Cendaña Torlakson,1266
William (Bill) Brough,1267
Lorena Gonzalez,955
"MORRELL, MICHAEL L.",1268
Jared W. Huffman,178
"WALDMAN, STUART",1269
"SHOEMAKER, BRANDON K.",49
"DICKERSON, RICHARD \DICK\""""",1270
"MIRANDA, FRANK",840
"CHIARA, CLAIRE",861
Peter Tateishi,1271
"APPELQUIST, BARBI",1272
Charles Bennett Jr.,1273
"FOWLER, FREDERIK M.",1274
"Tim Weintz, Sr.",1275
"SANTILLAN-BEAS, MARIA T.",1276
Jack Uppal,1277
Susan Shelley,1259
"RICHARDS II, PAUL H.",1278
"BOOT, SARAH R",1279
"MORRIS, GWEN",71
Mattie Fein,1280
"ARMENTA, CHRISTOPHER",929
Mary Hayashi*,799
Eric Linder*,275
"MAYES, CHAD",281
"DIRIDON, RODNEY",943
Tom Lynch,1281
"DICKSON, KENNETH C.",1169
"PINEDA, RENE GONZALO",1282
"AGUERO, ANDREW S.",1283
"BAUGH, LES",1284
Troy Edgar,1285
"SANDERS, SEDALIA",1286
"KROVOZA, JOSEPH F.",1287
Tom McClintock,385
"CARRILLO, JR., FRANCISCO",1288
"NAZARIAN, ADRIN",404
"APPEL, JUDY",1289
"PAPAN, VIRGINA",916
Scott Thomas Wilk,1290
Mari Goodman,1291
"RUBIO, MICHAEL J.",34
Douglas Haaland,1292
"HORTON, JEROME E.",84
Brian Nestande*,685
Randy Voepel,865
Roger Hernández,63
"HORTON, SHIRLEY",1293
Steve Adams,1061
Isidro Armenta,1294
Jim Costa*,464
Luis Lopez,877
John Garamendi*,241
Jim Beall,1212
Tony Strickland,1295
"MC CABE, BRIAN L.",1296
"HEGYI, PAUL G.",1297
"PATE, JOHN",1298
"OSBORN, TORIE",1299
"ATKINS, TONI G.",844
Brian Bilbray*,1300
"ALEJO, LUIS",235
"STRICKLAND, TONY",1295
George Runner,9
"KLASKE, FREDERIC C.",1301
"Isadore Hall, III*",154
Rafael A. Dagnesses,1302
"WILSON, MICHAEL",223
"DANTONA JR., JIM",1303
Scott Peters*,1304
ArLyne Diamond,1305
"MATHEWS, RICHARD M.",1306
"RUNNER, GEORGE",9
"TERAMOTO, JASON K.",1307
Luis A. Wong,1308
Janet Nguyen,1309
"KAMENA, SCOTT",1310
"BELDEN, MARK",1311
"VILLINES, MICHAEL N.",1312
Luis Chavez,1313
"KERN, JERRY",1314
"BROWN, MARGARET",1315
Corky Reynaga-Emett,927
"FUENTES, FELIPE",1316
Doug Ose,1317
"TORRES, NORMA J.",193
Tom Torlakson*,611
"TAYLOR, THERESA",1318
"GIBSON, JAMES E.",1319
"GANTT, GENE",1320
"SCHIPSKE, E. \GERRIE\""""",1321
Tyler Fischella,1322
"CARDENAS, TONY",654
"WHITMAN, MARGARET C.",1323
Evan McMullin,1324
"ESTRADA, RAFAEL",1325
Prophet La'Omar Walker,1326
"MAIENSCHEIN, BRIAN",656
"PEREZ, IRELLA",1327
"COX, TERESA",1328
"TINAJERO, SAL",1329
"LOWRY, JOHN R.",1330
"MARTINEZ  , DIANE J.",668
"LAIRD, JOHN S.",1331
"DUTTON, BOB",887
Dave Chapman,1332
"MARTINEZ, EFREN",1333
"LUCAN, ERIC A.",1334
"REYES, ELOISE GOMEZ",1335
Melissa Fox,1336
Brian Maienschein,656
"OSTRANDER, DANIEL LEE",1337
"ACUNA JR., JOEY V.",1338
Rick L. Powell,1339
Rocky Chavez,424
"JONES, LINDA",437
Gary Kephart,1340
Laura A. Peter,1341
"GOMEZ, ARMANDO",1342
"GARCIA, MONICA",1343
Tim Thiesen,1137
Vicki Veenker,999
"SANTIAGO, MIGUEL",768
"HARRIS, KAMALA D.",1083
Omar Navarro,1344
"DUNN, DAMON J.",143
Ken Cooley,776
Roger F. Lasson,1345
Jose Solorio*,700
"WILK, SCOTT T.",1346
Ami Bera*,608
"CALDERON, CHARLES M.",978
"WELCH, KATHERINE",1347
Diane L. Harkey,664
"DISPENZA, MIKE",1348
"RUSSO, JOHN A.",1349
Gila Jones,1350
"KUYKENDALL, STEVEN T.",1351
"VALENTINE, BOB",1352
"TING, PHIL",629
Marty Block*,1353
"SNODGRASS, DONNA",969
"GORDON, MIKE",1354
Martin Garrick*,139
Steve Cohn,1355
"KRAFT, GREGORY",1096
Roman Gabriel Gonzalez,1356
Roger Hernandez*,63
"COHN, REBECCA",1357
Xavier Becerra,41
"GOULD, JOHN S.",515
"FONG, DARRELL",502
"DIAZ, MANNY",1358
"WOOD, JAMES D.",1359
"BLUMENFIELD, BOB",1360
"WOOD, CARL W.",423
Mike Feuer*,1361
"QUIRK-SILVA, SHARON",356
"FOX, MELISSA",1336
Derrick Roach,897
"MURATSUCHI, AL",339
"SHELBY, JAMES C.",1362
"ARNOLD, KEN",789
"NAKANO, GEORGE",1363
"EMMERSON, BILL",1219
"REED, JIM",1364
"LEON, PAUL S.",1365
"MAC ALONEY, WILLIAM",1366
Bonnie Lowenthal*,394
Carol Liu*,914
"GHARABIKLOU, CAMERON J.",1367
"JACKSON, SUZANNE",1368
"Virginia ""Mari"" Goodman",1369
Eric Swalwell*,1370
Matthew Harper,1371
"PRUITT, DAVID ROA",1372
"TRAN, VAN",446
"CANNELLA, ANTHONY JOSEPH",1373
Debra Bowen*,387
"EGGMAN, SUSAN",1374
Ruben Macareno,1375
"WARNER, RUSS H.",526
"ROUSE, CHARLES E.",391
Perrin Swanlund,1376
"BISHOP, ART",1377
"MOORLACH, JOHN",1378
"KILEY, KEVIN",1379
"STONE, JEFF",1380
Norma J. Torres*,193
Ron Varasteh,1381
Jose Trinidad Aguilar,1382
Jordan Cunningham,1383
"STEIN, GREGORY A.",1384
Peter Choi,1179
"KREKORIAN, PAUL",1385
"WALSH, CHAD RICHARD",1386
"YOUNG, JOEL B.",1387
"ENGLAND, MARY",1388
"PAPAN, LOU",1389
"BUELNA, GABRIEL",1390
"KILLIAN, CLINTON",1391
"GARCIA, CRISTINA",176
"RICHARD, RAINEY",1392
"ACEVES, LARRY",770
Larry Beaman,1393
"SMITH, RONALD D.",1394
Richard Pan,183
"HALL, ISADORE",154
Esthela Torres Siegrist,1395
"NATION, JOE",1396
"GASTIL, GEORGE C.",1397
"BAYLISS, SHAWN",1398
"CAMPBELL, TOM",1399
Suzanne Savary,1400
Darrell Issa*,559
Heidi Harmon,460
"MC KEON, PATRICIA",1401
Paul Vincent Avila,1402
"GONZALEZ, ARACELI",1403
"MAZE, REBECCA",1404
"DYMALLY, MERVYN M.",941
Jack Sieglock,661
"PRICE-CRAWLEY, PAMELA",1405
"NAMAZI, NAZ",1406
Mark Gilham,1407
"GAGNIER, CHRISTINA",491
"ANDAL, DEAN",1408
"POHL, BOB",1409
"MC LAUGHLIN , JOHN T.",1410
Sean Jay Panahi,791
Clint Olivier,1151
"BRITT, HARRY",1411
"HUFFINGTON, ARIANNA",1412
"LEYVA, CONNIE M.",346
"SALEH, ALI",1413
"TUCKER, SUZANNE",1414
Alan Lowenthal*,1415
Preston Picus,1416
Scott Folkens,1417
"KORETZ, PAUL",1418
Tim Donnelly*,412
Marc Levine*,172
Roger Hernandez,63
"MATTHEWS, BARBARA",1419
"GREEN, DARCIE",1420
Greg Diamond,1421
"ANDERSON, JOEL",1422
"CENDANA TORLAKSON, MAE",1266
"MELENDEZ, RICHARD",1423
"SIDHU, HARRY",1424
Lawrence R. Wiesner,1425
Gregg Imus,1426
"GRAHAM, PHIL",1427
"MULLENS, JR., THOMAS A.",1428
"QUINTERO, ANDRES",587
"EARLY, ERIC",1429
Jerry McNerney*,1430
"HENRY, KATHLEEN",1035
"WILLIS, WARREN",274
"MOORE, MARGARET \PEGGY\""""",1431
"DE LEON, KEVIN",653
"GRAY, GLORIA",1432
Betsy Butler*,1249
Warren T. Furutani,97
"HALLINAN, THOMAS",1195
"POIZNER, STEVE",1433
Ryan Hatcher,1434
"RUNNER, SHARON",1435
Mariko Yamada*,21
"DAVID, SAUNDRA",637
"VASQUEZ, MELINDA",365
"REED, THOMASINA",1436
"TOWNSEND, DAVID G.",1437
Joan Buchanan*,1009
Al Muratsuchi*,339
"BROWN, EDMUND G. (JERRY)",167
"PFEILER, LORI HOLT",827
Shawn K. Bagley,450
Jeff Gorell*,568
Karen R. Bass*,832
"ARAMBULA, JOAQUIN",862
"RIORDAN, RICHARD",1438
"RAMOS, MIKE",1439
"HOUSTON, GUY S.",204
"GABRIELLA, WENDY B.",1045
"AKILI, GREG",1068
"ENG, MIKE",1440
Adam B. Schiff*,603
G. Burt Lancaster,1441
"ENG, MICHAEL",1442
Zoe Lofgren,620
Doris Matsui*,1443
"RUBAY, JOSEPH A.",1444
"AMUNDSON, PETER",531
John Munn,374
Adnan Shahab,1445
"FLOWERS-ZUNIGA, SALLY A.",1446
Anthony Rendon*,308
Rico Oller,1447
Jim Cooper,1448
"FONG, MICHAEL",1442
Anthony J. Portantino*,966
Brad Jonathan Taylor,1449
Martha Flores Gibson,757
Mike Gipson,408
Matthew Lin,177
Jim Patterson*,389
"BLEICH, JEFF",1450
"GUZMAN, GERRI",1451
"JOHNSON, BRIAN C.",1452
"ALLEN, MICHAEL",743
Sue Caro,1453
"ALLEN, GREGORY J.",1093
"MERCADO-FORTINE, GLORIA",1454
"CONLON, P. GREGORY",1455
"THIESEN, TIMOTHY A.",1456
Daniel W. Roberts,1457
"MAHMOOD, ASIF",1458
"URANGA, TONIA REYES",1122
Scott Wilk*,1346
"SCHOHR, RYAN",1459
Ron DeBlauw,1460
"MIKELS, MARJORIE M.",1461
"GREWAL, HARINDER",1176
"BILODEAU, DENIS",1462
"SMITH, MARIANNE",482
Thomas E. Krouse,690
"BAGATELOS, JONATHAN P.",1463
Jeff Stone,1380
"VARGAS, JUAN C.",333
"DENNEY, RALPH",1175
Brad Sherman,307
Carter N. Pope,1253
"BAILEY, STEVEN",1464
"KIRALY, VIRGINIA C.",1465
"WALKER, LARRY",1466
Chris Holden,834
"Arthur ""Art"" Moore",1467
"COX, JOHN H.",1468
"GOYA, JOHN C.",1233
"CRESSMAN, DEREK",1469
Jim Beall*,1212
"GAINES, EDWARD TED",330
"BASS, KAREN",832
Michael Allen*,743
"WOOD, JIM",155
"CHAMP, GLENN",1470
"RAMIREZ, RICK",1471
"LEGG, DAWN ORTIZ",524
Vince Fong,1472
Susan A. Davis,681
Sunder Ramani,152
"MARKOVICH, PETER SCOTT",1473
"GUTIEREZ, LYDIA ANN",1474
"MC IVER, BARBARA",1050
"MARINELLI, LOUIS J.",1475
"SULLIVAN, ROBIN S.",1476
"REYES, EDWARD PAUL",1477
Daniel Sahagun,1478
"CAMPBELL, WILLIAM J.",1479
"ROYAL, TODD",1241
"DUVALL, MIKE",1480
Jonathon Louis Sosa,1481
"MC PHERSON, BRUCE",1214
"BUCK, JILL",1482
Melissa Melendez*,1483
"Carlos ""Chuck"" Taylor",1484
"CRAFFEY, MATTHEW",1108
"FONG, VINCENT",1472
"BAKER, JOHN",1485
Francine Busby,1486
Evan Low,110
"NASH-HOFF, MICHELE",1487
"PACHECO, ROBERT \BOB\""""",1488
Gary Clift,1489
"CAMPBELL, JOHN",1262
Elizabeth Echols,1069
"ALLEN, BEN",1205
"LOWENTHAL, SUJA",1490
Kamala D. Harris*,1083
Mary Toman-Miller,1491
"RICHMAN MD, KEITH",1492
Fiona Ma*,843
"MULLIN, KEVIN",698
"MORRISON, WILLIAM M.",1493
Mary England,1388
"JORDAN, SUSAN",1494
"LACHMAN, ANDREW",1495
Jerry Hill*,3
Henry Stern,1496
"COLE, ROBERT",1497
"POYTHRESS , ROBERT",1498
"ACKERMAN, LINDA",1499
Isadore Hall*,154
"LEONARD, BILL",1500
"WARD, MITCH",1501
Steven S. Choi,472
Derrick W. Roach,897
Sandra Mendoza,598
"FUENTES, CHUCK",1502
"GILBREATH, PATRICIA L.",1503
"CRAWFORD, CRYSTAL",1504
Ash Kalra,1505
"FRUSETTA, PETER",1506
"REED, RICHARD",932
"YOUNG, CRAIG",1507
"Kathleen ""Suzy"" Evans",1508
Keith D. Curry,1031
Matthew Gene Craffey,1108
"IRWIN, JACQUI",1509
"KEATING, JANICE E.",1510
"HALL, VINCE HENRY",1511
"LEDFORD, JAMES C.",1229
"YARBROUGH, D. SHELLY",1512
"BAUGH, SCOTT",1513
"KUEHL, SHEILA J.",1514
"Bernard ""Bernie"" Sanders",1515
Leland Yee*,289
Matt Heath,1516
Robert W. Derlet,1517
Thomas Krouse,690
"WILLIAMS, DAS",744
"GLAZER, STEVEN",1518
"TATEISHI, PETER",1271
"BRYSON, ANNA",1519
Alan Nakanishi,1099
"HASWELL, ROB",1520
Mark DeSaulnier,1146
"ROESCH, JEAN",1521
Jose Hernandez,117
"WILLEY, LARRY",1522
Maxine Waters*,119
"VON SZELISKI, HEIDI",838
Doris Matsui,1443
Dennis Cardoza*,1523
"NAHABEDIAN, NAYIRI",1524
"GARCIA, CARMELITA",1525
Ken Calvert*,811
"DOW, DANIEL L.",1526
"GORSULOWSKY, TIMOTHY S.",1527
Roger Dickinson*,998
Andy Pugno,1528
George Plescia,987
Tom Daly,974
Karina Cervantez Alejo,140
"GUTIERREZ, RICHARD",765
"MC FARLAND, BRUCE DAVID",1529
"FLORES, ARMANDO M.",1530
"FORD, MARY JO",1531
Tim Sbranti,541
Jacqui Irwin,1509
Richard Alarcon,558
"RAMIREZ, MANUEL A.",1532
"GORDON, BARRY",1533
Sebastian Ridley-Thomas,542
"CALAYCAY, COREY L.",1534
"BLOCK, MARTY J.",1353
Gary G. Miller*,1535
Phu Nguyen,96
"BATTIN JR., JAMES F.",1536
"IZEN, TYLER",1537
"PEPPLER, SUSAN",1538
"BECKLES, JOVANKA",1539
Scott R. Jones,1540
Mike Thompson*,882
"ALBY, BARBARA J.",1193
"BERRYHILL, WILLIAM R.",1541
"MARQUEZ, LUIS H.",795
Tony Thurmond,1130
"JONES, JUDY",835
Wilmer Amina Carter*,69
"PRANG, JEFFREY",1542
"RODRIGUEZ, GREG",665
"RUSH, ROBERT L.",1543
Chris Blake Wiggins,1544
"LEHMANN, HARRY",1545
Rafael Estrada,1325
Robert (Bob) Evans,1546
"ARONER, DION LOUISE",1547
"NEGRETE MCLEOD, GLORIA",494
"PATINO, JAIME R.",809
"Howard P. ""Buck"" McKeon*",1548
Drew E. Leavens,1549
Scott Peters,1304
"KALRA, ASH",1505
"K. ""Jeffrey"" Jafri",728
José Luis Perez,1550
Susan A. Bonilla*,323
Fran Florez,1551
Mike Gatto*,1185
Kansen Chu,261
Marty Block,1353
"AANESTAD, SAMUEL",1552
Dana Rohrabacher,1553
"CLUTE, STEVE W.",1554
Devin G. Nunes*,39
Melissa Melendez,1483
Ronald J. O'Donnell,1555
"FAZIO, STEVE",707
Ricky Gill,1556
Alan Lowenthal,1415
"PATRASCU, EMANUEL",1557
"AYRES, JIM",1558
Mark Takano,948
"GABRIEL, LYNN",1559
"CUNNINGHAM, JORDAN",1383
Mike Eng*,1440
Marc Rodriguez,1560
"GUTIERREZ, LYDIA A.",1474
"CHAVEZ, LUIS",1313
Elan Carr,1561
"PACHECO, ROBERT",1488
"CAPLANE, RONNIE",1562
Denise Gitsham,1563
"COHN, STEVE",1355
Kevin Mullin*,698
Bill Berryhill,646
Jerry Lewis*,1564
"NEVIN, MIKE",1565
"MATHUR, PRIYA",1566
Dana Rohrabacher*,1553
James Hinton,1567
Manuel Ramirez,1532
"PACHECO, RODRIC A.",1568
"DE LA TORRE, HECTOR",1569
"STERN, HENRY",1496
"GREWAL, MANMEET",1570
"HEUMANN, KAREN A",1571
"EASTMAN, JOHN C.",1572
"ANDERSON, JOEL C.",1422
Jim Frazier,259
"DIAZ, MANNNY",1358
"Edward ""Ed"" Schmerling",1573
"K.H. ""Katcho"" Achadjian",717
Chris Kolski,870
"KASSAKHIAN, ARDASHES",1574
"CAPLANE, RONNIE GAIL",1562
"HARPER, MATTHEW",1371
"ZINK, TODD",305
Marc Berman,578
"EASTON-BROWN, ALEX",1575
"SCOTTO, FRANK",1576
Dorothy F. Pineda,944
Tim Sheridan,1577
"POWELL, RICK",1339
"CONNELL, KATHLEEN",1578
Jeane Ensley,1579
"MAGSIG, NATHAN",1580
Chris Parker,86
Robert Vaughn,1581
"LINDER, ERIC",275
"ISSA, DARRELL E.",559
David Chiu,893
"KRUEGER, PATRICIA \PAT\""""",1582
"HEALEY, LAURETTE",1583
"CHAU, EDWIN",530
Mark Wyland*,1584
Timothy J. Allison,1585
Jackie Conaway,1586
"BRANSTINE, DAN",1587
"MARQUEZ, RAY",1588
"MILLER, GARY",1535
"CHUCHUA, BRIAN NEIL",1589
"Howard P. ""Buck"" Mc Keon*",1548
"HAVICE, SALLY",1590
"MADDOX, KENNETH",1591
Heidi Hall,1592
Jim Nielsen*,1593
"ROBINSON, MIKE",1594
"GONZALES, GILBERT V.",605
"GIRARD, ROSARIO",1595
Robert Rush,1543
"MCCARTY, KEVIN",258
Susan Talamantes Eggman,1258
"WYMAN, PHILLIP",1596
"MENDOZA, OSCAR",1597
"MCCANN, JOHN",54
"EDGAR, TROY",1285
"JONES, JUDITH E.",1598
"BLOCK, JOEL",919
"WALTER, ROBIN T.",1599
Raul Ruiz,1600
Joseph McCray Sr.,1601
"CHAROEN, GORPAT HENRY",1602
"DICKERSON, DICK",1603
"JOHANNESSEN, MARK",1604
"EVANS, NOREEN M.",1605
"RIDLEY-THOMAS, SEBASTIAN M.",542
Dennis J. Campanale,1606
"SILVA, JAMES",149
Phillip Chen,1173
Rick Ciardella,1607
"DE ST. JEOR, BRET",1608
Brian W. Jones*,19
Ken Cooley*,776
"KEATING, JANICE",1510
"WILSON, LINDA",1609
Travis Allen*,441
John M. W. Moorlach,1378
"WOOLERY, LISA",1610
"WILSON, ABRAM",825
"VELA, DAVID",1611
"ROBERTS, SIERRA",216
"BRADFORD, STEVEN",1612
Kevin De Leon*,653
"KRAMER, DAN",1613
"PICO JR., THOMAS P.",1614
Bradly S. Torgan,631
"JOHN J., BENOIT",1615
"JONES, BILL",1616
"LOWENTHAL, ALAN",1415
"MALHI, SATINDER S.",1617
"TORLAKSON, TOM",611
"HOM, GLORIA",1618
"VOORAKKARA, SID C.",722
"WONG, LUIS A.",1308
Joe Coto,964
Jorge Salomon Fuentes,1149
"MACARENO, RUBEN",1375
Cathleen Galgiani,132
Jorge Lopez,1619
"NICHOLSON, LAUREL A.",1620
Beth Krom,1621
Steve Knight*,643
"CHAVEZ, ARTURO",1622
Ian Charles Calderon,1623
"HAALAND, DOUGLAS",1292
Ted J. Grose,896
"WIGGINS, PATRICIA ANN",1624
"FLOREZ, FRAN",1551
"DAVIS, MIKE",1248
"COX, DAVE",1625
Bob Stephens,1626
Mike Stoker,7
"TSIMBOUKAKIS, FOTIOS/FRANK",758
Joy D. Delepine,1627
Kevin Kiley,1379
"CHAVEZ, ROCKY",424
Anthony Cannella*,247
"PAGE, CHUCK",1153
"KASSAKHIAN, ARDY",426
"PEREZ, V. MANUEL",1171
Devon Mathis,1100
"JEFFRIES, KEVIN D",866
"WESTLY, STEVE",1628
Johnny Tacherra,1162
Joseph Alexander Rubay,1629
Marshall Tuck,1630
Lucille Roybal-Allard,1631
"WALKER, PROPHET L.",967
Eric Swalwell,1370
"ANGELIDES, PHIL",1632
"REILLY, JANET",1633
Steve Stokes,1634
Steve Pougnet,1635
"PENA, JOHN J.",1636
"WILLIS, WARREN P.",274
Richard Bloom,256
Jack M. Guerrero,1637
"MCFADDEN, BRADLEY",691
"JOHNSON, ROSS",1638
"PUGNO, ANDY",1528
"GABL, DIANE CHRISTINE",1639
Nora Campos,764
"HIGGINS, CASEY C.",708
"BECKER, JOSH",1640
"FLUKE, SANDRA",1641
"HASKIN, GREG",1642
"ARNERICH, NEWELL KENNETH",1643
"SVOLOS, CHARLOTTE A.",1080
"Michael Clare Berryhill, Sr.",1644
"ONOFRE, KARINA",972
"DE GONIA, JARROD R.",1645
"HERNANDEZ, PATRICIA",1646
"WANG, KRIS",1647
Jay L. Stern,1648
"COGDILL, DAVID E.",1649
"REILLY, EMILY",1650
Raul Bocanegra,196
Crystal Crawford,1504
"BERNOSKY, ROBERT E.",1030
"WASHINGTON, PAT",1651
"JENKINS, STEWART D.",1652
"WALKER, SHERRY",1037
"PENA, JOHN",1636
"HALLDIN, BILL",1653
Forest Baker,1654
"BATES, PATRICIA",1655
"HUNSWECK, MICHAEL J.",1656
Jerry McNerney,1430
Jane Harman*,1657
"CONNOLLY, DAMON",361
"ONG, JENNIFER",156
Duncan Hunter*,787
Tom Berryhill,510
Steve Cooley,1033
"WYLAND, MARK B.",1584
"HADLEY, DAVID F.",975
"MILLER, GARY G.",1535
Jackie Speier*,272
Christopher Mateo,1658
"CARCIONE, JOHN P.",1659
"SANCHEZ, LORETTA",566
"NEVIN, MICHAEL D.",1660
Lois Wolk*,784
"JESSON, NICK",1661
"JACOBI, VERONICA",760
"CARDOZA, DENNIS",1523
Betsy Butler,1249
"MC GARRY, NELLIE",565
Jimmy Gomez,210
Joel Anderson*,1422
Jim Reed,1364
Scott Wilk,1346
"MARTINEZ, SUZETTE",1662
"DIVINE, ROBERT B.",1663
"OHTAKI, PETER I.",1664
"UMBERG, THOMAS",1020
Mark Hanson,15
"MORALES, ELOY",1665
"O'CONNELL, DANIEL B.",1666
Brian P. Bilbray*,1300
"HAYES-RAITT, KELLY",1667
Henry T. Perea,1192
Steven Bradford,1612
"LAU, JAMES",1668
"KOWAL, JERRY S.",954
Lynn C. Woolsey*,1669
"KING, DAVID A.",38
"SMYTH, CAMERON",1051
"FORSCH, GLEN R.",1234
"HEADINGTON, EDWARD W.",490
Sandra Fluke,1641
"WEIDE, VANDER",1670
Ted Lieu,997
"AUGUSTINE, LEN",1671
"CHAVEZ, EDWARD",549
"WILDMAN, SCOTT",1672
"BEYER, DEBBIE M.",1673
"CHEEMA, SARABJIT KAUR",1674
"GRIMES, JAMES W.",1675
John P. Colbert,1676
"BETANCOURT, PAUL",1677
Sol Jobrack,435
"POPP, ELENA I.",508
Loni Hancock*,622
Gary Johnson,120
"MIKELS, JUDY",1678
Tony Mendoza*,1263
"BENOIT, JOHN J.",767
"GRANLUND, LONNI",1679
Alberto Waisman,1680
Barbara Lee*,487
Kevin D. Jeffries*,866
"GORDON, RICHARD S.",1681
"PEREZ, VICTOR M.",1682
Lee H. Chauser,1683
"NIELSEN, JIM",1593
Justin Donald Fareed,1684
Richard S. Gordon*,1681
"KIRALY, VIRGINIA CHANG",1465
"Joseph Mc Cray, Sr.",1685
Rob Bernosky,1030
"ARGUELLO, DANIEL",1686
"ALDINGER, JIM",1687
"THIER, HOLLI",1688
"HERNANDEZ, MANUEL",1101
Marcel Weiland,1689
"MILES , LAWRENCE",880
"DESAULNIER, MARK",1146
Raul Ruiz*,1600
"LUDLOW, MARTIN",1690
"PETERS BONHACH, HEATHER",675
"JEANDRON, GARY",1691
Lady Cage,1692
David Valadao,312
Mike McGuire,567
"MURRAY, CYNTHIA",503
Ling Ling Chang,619
"THIESEN, TIMOTHY",1456
"FREEMAN, S. DAVID",1693
George R. Williams,1694
"LO, HENRY",1695
Michelle Steel*,230
Jeff Denham,64
Doo Sup Park,1696
"FLYNT, LARRY",1697
Jason P. Clark,355
"DE LA LIBERTAD, ARMANDO",1698
Gerald Hashimoto,1699
Mervin Evans,1700
"MITCHELL, HOLLY J.",983
"ROMERO, GLORIA",1701
"JONES, LINDA K.",437
"PEREA, HENRY T.",1192
"JAKE, JOHN",1702
"HARDEN, DANIEL V.",1703
Mike Moloney,1704
Jean Fuller,171
"NGUYEN, JANET",1309
"DEBLAUW, RONALD E",1705
Howard Katz,1706
"LIEBER, SALLY",543
"WALSH, CHAD R.",1707
"MILLER, RAYMOND",1708
"KOREVAAR, ERIC J.",1709
"MALDONADO, ABEL",651
Gwen Patrick,1710
"ATKINS, TONI",844
"WYMAN, PHILLIP D.",1596
John Dennis,1711
Felipe Fuentes*,1316
"PAULE, PHIL",576
"VERONESE, JOE",1712
Renea Wickman,815
"KLOSS, JANINE L.",1713
"DANTONA, JIM",1303
"AMANTE, JERRY",1714
Steven Bradford*,1612
"ANGELIDES, PHILIP N.",1632
Bob Blumenfield*,1360
Jennifer Ong,156
"LENNING, DIANE A.",1715
"CASERTA JR, DOMINIC",740
"PAPE, KEVIN",1716
Mimi Walters*,48
"SCHMIDT, ERIC",1717
Nathan Fletcher*,1200
"TUCK, MARSHALL",1630
"SALAS, BRENDA",1718
"GONZALES, RICK",1719
"PETRILLA, JESSE",1720
"MENDOZA, TONY",1263
"OTTO, KEVAN",1721
Anthony Cannella,247
"LEVINE, LLOYD",1722
"SCHWARZENEGGER, ARNOLD",1723
"FARRISE, SIMONA",1724
"BIGGERS, KEVIN J.",1725
"BREYER, MICHAEL",10
"WOODS, DARCEL",970
"COOPER, JIM",1448
Eduardo Garcia,781
"MASTIN, JAMES",1726
Mary Bono Mack*,1727
Deborah (Debbie) Bacigalupi,1728
"MOUANOUTOUA, VONG",1729
"DAIGLE, LESLIE J.",1730
"LEDDY, JIM",1731
"ALQUIST, ELAINE",1732
"WESTALL, ANDREW J.",1733
"LIEU, TED",997
Linda Halderman,102
Greg Opinski,1734
"FENNELL, DAVID",1735
"PAK, BEN",1736
Loretta L. Sanchez,566
"BAUMANN, HELEN K.",1737
Mark Anthony Orozco,1738
"CHANDLER, ROBERT L.",945
"MC LEOD, GLORIA NEGRETE",494
Bob Whalen,1739
Gavin Newsom,666
"BYRNE, JOHN",1740
"HU, GRACE",1741
"GARCIA, BONNIE",288
"BROUGH, BILL",1742
Wally Herger*,1743
"VASCONCELLOS, JOHN",1744
"REYES, SARAH",1745
"AREIAS, RUSTY",1746
"CASTANEDA, STEVE",1747
Melissa Ruth O'Donnell,1748
"Patricia C. ""Pat"" Bates",1749
"DURAZO, MARIA ELENA",1750
"KANG, SAM",1751
Steve Glazer,1518
"Kevin J. Lincoln, II",1752
"TAYLOR, ZACHARY",292
"FERNANDEZ, JOANNE",1753
"CAMPBELL, JOHN B.T.",1262
Elton Gallegly*,1754
Louie J. Campos,1755
"CARRILLO, PEDRO",1756
Alyson L. Huber*,1194
Tom Berryhill*,510
Eric Linder,275
Craig Huey,1757
"KIM, JANE",447
Chad Walsh,1707
"WRIGHT, RODERICK \ROD\""""",332
Eloise Reyes,956
"RICHMAN, KEITH STUART",1758
Lucille Roybal-Allard*,1631
"CARRILLO, WENDY",1759
"ROESCH, JEAN DR.",1521
"DAHLE, BRIAN",36
Andrew Masiel Sr.,116
Ray Moors,1760
"KLEHS, JOHAN",1761
"WALTERS, MARIAN",1762
"GALVAN , ISAAC J.",399
"BATES, PATRICIA C. \PAT\""""",1749
Doug La Malfa,939
"ELLIOTT, ROBERT V.",1763
"PERATA, DON",1764
"ZIMMERMAN, MICHAEL",1765
Noreen Evans,1605
"JONES, BRIAN W.",19
"ZIPPI, MARIANNE",1766
Mike Villines,1767
Ferial Masry,1113
Bob Wieckowski*,534
R. Adam King,1768
"KAMENIR-REZNIK, JANICE",1769
"ACHADJIAN, KHATCHIK",717
"DELIGIANNI-BRYDGES, ALEXIA L.",1770
Scott Markovich,1771
"FAJARDO, JOEL",1772
"HARMAN, TOM",1773
"GRUENER, GARRETT",1774
Brian Dahle*,36
"James I. ""Jim"" Faison",1775
"WEBER, SHIRLEY N.",444
"BRONNER, REGINALD G.",1776
Nancy Skinner*,504
"O'DONNELL, PATRICK",1015
"AYALA, LUIS",1777
"HUEY, CRAIG",1757
"DAVENPORT II, ROBERT",160
"KOKKONEN, MATT",1778
"STECKLER, CRAIG",1779
Joel Anderson,1422
Hector Diaz,1177
Rita Ramirez,1780
"ANTONOVICH, MICHAEL",60
"VALENCIA, ANA",1781
"JONES, JUDITH E",1598
Mike A. Gipson,408
"GARAMEDI, JOHN",241
"SILVER, JOY",1782
"RUBIO, BLANCA",218
"AANESTAD, SAMUEL M.",1552
"VAUGHN, NED",1783
"LEBLANC, DEBORAH",1784
"GARDNER, M. DEAN",30
Paul R. Garver,1785
Travis Allen,441
"MARKS, CINDY",1786
"MELENDEZ, MELISSA",1483
"NEWCOMER, OWEN",1787
"YOUNG, JOEL",1387
"HANSON, MARK N.",15
"HOLT, GABRIELLA S.",1788
Paul Fong*,963
Meg Whitman,1789
"STRICKLAND, PAUL",1790
Harmeet K. Dhillon,532
"WAYNE, HOWARD",1791
"MAZE, BILL",1792
