,dbname,id
0,"MC HUGH, PETER A.",1
1,"ALI, ANILA",2
2,"KNIGHT, WILLIAM J. \PETE\""""",3
3,"HILL, JERRY A.",4
4,"ACOSTA, GEORGIA L.",5
5,"HARRIS, ELIHU",6
6,"GUILLEN, ABEL",7
7,"GERBER, DONNA C.",8
8,"MC IVER, BARBARA G.",9
9,"STOKER, MIKE",10
10,"PARRA, PETE H.",11
11,"EASTIN, DELAINE",12
12,"RUNNER, GEORGE C.",13
13,"COLEMAN, TERRY",14
14,"KISHIMOTO, YORIKO",15
15,"HILL, STEVE",16
16,"ZETTEL, CHARLENE",17
17,"JONES, SUZANNE V.",18
18,"THOMSON, HELEN M. (WITHDRAWN)",19
19,"HANSON, MARK",20
20,"DUTRA, JOHN A.",21
21,"HOWORTH, AMY",22
22,"YAMADA, MARIKO",23
23,"KALB, DAN E.",24
24,"GENTRY, DORIS L.",25
25,"ARONER, DION",26
26,"MANSOOR, ALLAN R.",27
27,"ADAMS, STEVE",28
28,"DOMINGUEZ, FRANCISCO",29
29,"WHITE, KEN",30
30,"SIMON JR., WILLIAM E.",31
31,"BERMUDEZ, RUDY",32
32,"HARKEY, DIANE",33
33,"SIMMONS, RICHARD J.",34
34,"GARDNER, DEAN",35
35,"PRICE, CURREN",36
36,"ARABO, AUDAY P.",37
37,"AKILI, GREGORY",38
38,"ECHOLS, ELIZABETH",39
39,"IVIE, RICKEY",40
40,"MCDONALD, KRISTINE LANG",41
41,"MARTINEZ, MICHELE",42
42,"KING, DAVID",43
43,"STEEL, JOHN",44
44,"FITZGERALD, JIM",45
45,"MANN, CHRIS",46
46,"FIREBAUGH, MARCO ANTONIO",47
47,"ROELLE, RICK",48
48,"KARNETTE, BETTY",49
49,"HAUBERT, DAVID",50
50,"RUSKIN, IRA",51
51,"TRAN, KIM NGOC",52
52,"ASHBURN, ROY",53
53,"HUDSON, MICHAEL J.",54
54,"GARLAND, CHRIS",55
55,"WALTERS, MIMI",56
56,"SHOEMAKER, BRANDON",57
57,"GOLDBERG, JACKIE",58
58,"MONTEITH, DICK J.",59
59,"MUSSER-LOPEZ, RUTH",60
60,"MC DONALD, KRISTINE L.",41
61,"BACA, JOE",61
62,"CANCIAMILLA, JOSEPH",62
63,"TOPALIAN, RITA H.",63
64,"GONZALES, JUAN LUIS",64
65,"LA CHANCE, IRENE",65
66,"MC CANN, JOHN",66
67,"MARCIANO, GEORGES",67
68,"ZOSLOCKI, WILLIAM",68
69,"WESSON, HERMAN J",69
70,"HARRISON, MICHAEL",70
71,"TORRICO, ALBERTO",71
72,"LA SUER, JAY",72
73,"AMADOR, ANTONIO (TONY)",73
74,"TYE, STEVE",74
75,"HERNANDEZ, ROGER",75
76,"CAMEJO, PETER MIGUEL",76
77,"BONTA, ROB",77
78,"KRAFT, GREGORY A.",78
79,"HILL JR, SAMUEL JOEY",79
80,"SCHANZ, TERRY",80
81,"NAKANISHI, ALAN S.",81
82,"DIEP, TYLER",82
83,"MATHIS, DEVON J.",83
84,"HERNANDEZ, MANUEL P.",84
85,"CARTER, WILMER AMINA",85
86,"LYONS, JOSEPH",86
87,"WEST, TONY",87
88,"MORRIS, GWEN L",88
89,"DAYSOG, ANTHONY H.",89
90,"FULLER, JEAN",90
91,"HOSTERMAN, JENNIFER A.",91
92,"LOWE, DONNA",92
93,"DE LA PIEDRA, MARIO",93
94,"SHELLEY, KEVIN",94
95,"WATERFIELD, HENRIETTA CARMEN",95
96,"DICK, LARRY",96
97,"PAULY, DEBORAH",97
98,"PERRY, LAURA",98
99,"CHAVEZ, CHRISTINA",99
100,"CRAFFEY, MATTHEW G.",100
101,"RAMIREZ, FRANCISCO",101
102,"ROBEY, ED A.",102
103,"TAITZ, ORLY",103
104,"TABASH, EDWARD Z.",104
105,"CORBETT, ELLEN",105
106,"BROWNLEY, JULIA",106
107,"MASRY, FERIAL",107
108,"HORTON, JEROME",108
109,"SCLAVOS, NICHOLAS C",109
110,"PARKER, CHRIS R.",110
111,"BLUMENFELD, ANDREW",111
112,"SANCHEZ, ALFONSO",112
113,"SALARNO, NINA",113
114,"NARITELLI, LAWRENCE",114
115,"ACKERMAN, RICHARD",115
116,"SMITH, KATHERINE H.",116
117,"BLOUNT, STEVE",117
118,"BORGEAS, ANDREAS",118
119,"DAVIS, MICHAEL",119
120,"BROWN, DAVE",120
121,"SANDOVAL, GREG",121
122,"PRICE, PAMELA",122
123,"NEWMAN, JOSH B.",123
124,"SKIPAKEVICH, MICHAEL",124
125,"URANGA, TONIA R.",125
126,"BROWN, WILLIE L.",126
127,"NASARENKO, ERIK",127
128,"NGUYEN, PHU",128
129,"FURUTANI, WARREN",129
130,"LEVINE, DANIEL",130
131,"PHILLIPS, ESTES A",131
132,"MCKINNEY, DON",132
133,"BARTH, STASYI A.",133
134,"BADE, OTTO R.",134
135,"THURMOND, TONY",135
136,"HOLOBER, RICHARD",136
137,"SHER, BYRON",137
138,"HARDEN, DAN",138
139,"RUBIO, SUSAN",139
140,"HALDERMAN, LINDA F.",140
141,"GALLEGOS, MARTIN,",141
142,"GRAYSON, ARI E.",142
143,"WORTHINGTON, KRISS",143
144,"WILLIAMS, ROBERT",144
145,"MAYER, VIRGINIA GINNY",145
146,"THIESEN, TIM",146
147,"BENNETT, AUSTIN",147
148,"PARRISH, CLAUDE",148
149,"MATHYS, CHRIS",149
150,"LOW, EVAN",150
151,"ACOSTA, DANTE",151
152,"RUSSELL, JAMES A.",152
153,"VAZQUEZ, TONY",153
154,"ALLEN, MICHAEL J.",154
155,"BARNES, JANET V.",155
156,"OROZCO, MARK",156
157,"PHAM, LONG K.",157
158,"RILEY, ANTHONY",158
159,"PHARES, ANN VENTURA",159
160,"WOLK, DANIEL M.",160
161,"LEROE-MUNOZ, PETER B.",161
162,"MASIEL, ANDREW",162
163,"COOK-KALLIO, CHERYL",163
164,"GALLARDO-ROOKER, ALEXANDRA",164
165,"LARA, RICARDO",165
166,"RIVAS, ROBERT",166
167,"LEHMAN, CHRIS",167
168,"SALAS, MARY H.",168
169,"FUENTES, JORGE SALOMON",169
170,"BILBREY, MICHAEL",170
171,"FONG, PAUL",171
172,"WALCH, COLIN",172
173,"FROMMER, DARIO",173
174,"OLIVIER, CLINT",174
175,"WAGNER, DONALD P.",175
176,"BERG, PATTY",176
177,"LE, VAN",177
178,"SHAW, ELAINE D.",178
179,"DICKINSON, ROGER",179
180,"SMITH, CHRISTY",180
181,"WARREN, ACQUANETTA H.",181
182,"KEENE, RICHARD",182
183,"CONLON, GREG",183
184,"STIRLING, LARRY",184
185,"PEREZ, JOHN A.",185
186,"CHERNY, ANDREI",186
187,"BOYD, MARC",187
188,"GARRICK, MARTIN W.",188
189,"CERVANTEZ ALEJO, KARINA",189
190,"HANLEY, KEVIN J.",190
191,"HARRIS-FORSTER, LINDA",191
192,"KASHKARI, NEEL",192
193,"JEHN, ROBERT KEITH",193
194,"PETERSON-MORE, DIANA",194
195,"MARGETT, ROBERT",195
196,"ARANDA, RUDY",196
197,"SILVA , JAMES W.",197
198,"CONTI, DIANA",198
199,"RAMANI, SUNDER",199
200,"KNIGHT, STEVE",200
201,"MILLER, JEFF",201
202,"GABRIEL, JESSE",202
203,"CHAN, WILMA",203
204,"BROWN, DAVID K.",204
205,"BANNISTER, WESLEY M.",205
206,"DALE, JACK",206
207,"ONG, JENNIFER H.",207
208,"KUO, PETER",208
209,"MULLIN, GENE R.",209
210,"BLAKE, GORDON",210
211,"WESTWOOD, MARK DAVID",211
212,"DICKSON, KENNETH C",212
213,"DAVENPORT, ROBERT",213
214,"ALLEN-NEWMAN, SAMANTHA",214
215,"PETERSON-MORE, DIANA L.",194
216,"BRIGGS, MIKE",215
217,"JELINCIC JR., JOSEPH JOHN",216
218,"DUTRA, JOHN",21
219,"HAGMAN, CURT",217
220,"CHEN, PHILLIP",218
221,"LOCKYER, BILL",219
222,"SOTO , NELL",220
223,"TAYLOR, CARLOS",221
224,"WAKIM, SAM",222
225,"MINTZ, NATHAN M.",223
226,"LEVINE, MARC",224
227,"PRICE, CURREN D.",36
228,"DIAZ, HECTOR",225
229,"HORNE, SUE",226
230,"LUTNESS, CAROLE L.",227
231,"CHOI, PETER",228
232,"FLAHERMAN, MICHAEL T.",229
233,"LIN, MATTHEW",230
234,"PIERCE, LEE",231
235,"MACCARLEY, MARK",232
236,"RISHOFF, LOUISE C.",233
237,"MEZA, MICHAEL G.,",234
238,"WICKS, BUFFY",235
239,"CALDERON, RONALD",236
240,"GOLD, RONALD",237
241,"POLAKOFF, PHILLIP LEE",238
242,"GATTO, MIKE",239
243,"METTLER, KENNETH L.",240
244,"DALY, TOM",241
245,"YAMADA, MARIKO M.",23
246,"MACHADO, GERARD J.",242
247,"ALBY, BARBARA",243
248,"HAHN, JANICE",244
249,"CABALDON, CHRISTOPHER",245
250,"HUBER, ALYSON",246
251,"HALLINAN JR., TOM",247
252,"BROWN, CHERYL",248
253,"SHAW, DIANA",249
254,"JONES, ROBERT L.",250
255,"HAMEL, LEO",251
256,"MC QUISTON, JON A.",252
257,"SOTO, DANIELLE",253
258,"NAVA, PEDRO",254
259,"ADAMS, ANTHONY",255
260,"CRETTOL, JIM",256
261,"OLIVIER, ART",257
262,"MACIAS, MICHAEL R.",258
263,"RUBIO, MICHAEL",259
264,"COHELAN, TIMOTHY",260
265,"SANFORD, THERESA",261
266,"BARKAN, ELLIOTT ROBERT",262
267,"CORREA, LOU",263
268,"SHAW, LYN",264
269,"FLETCHER, NATHAN B.",265
270,"ARMENTA, DAVID",266
271,"HOUSTON, GUY",267
272,"BOSWELL, JOSEPH JOHN",268
273,"SAYLOR, DON",269
274,"CIARDELLA, RICHARD",270
275,"CANCIAMILLA, LAURA S.",271
276,"MOORS, RAYMOND KENNETH",272
277,"BRIBIESCA , JUAN M.",273
278,"BLOISE, NICK E.",274
279,"GOMEZ, JIMMY",275
280,"VALENTINE, ROBERT S.",276
281,"MEGAW, JAMES",277
282,"BENNETT, JD",278
283,"AVALOS, CARMEN",279
284,"HAYASHI, DENNIS",280
285,"FIGUEROA, LIZ",281
286,"PEREZ, JULIO",282
287,"SIMMONS, EVE",283
288,"DAVIS, PATTY",284
289,"HILL, GREGORY CHARLES",285
290,"KINNEY, RICHARD",286
291,"SALDANA, LORI",287
292,"LOO, KENNETH J.",288
293,"LARA-GARDNER, JOSEPH",289
294,"BEALL, JIM",290
295,"WILSON, MICHAEL L.",291
296,"WILLIAMS JR., HENRY L.",292
297,"YOUNG, STEVEN R.",293
298,"RUPERT, ANGELA",294
299,"MC PHERSON, BRUCE A",295
300,"GONZALEZ, LORENA",296
301,"MUNSON, MATTHEW G.",297
302,"DEVORE, CHUCK",298
303,"LONGVILLE, JOHN",299
304,"CHAVEZ, CHRISTINE",99
305,"TAMOM, VANNARITH THOMAS",300
306,"PADERES, XOCHITL",301
307,"PARK STEEL, MICHELLE",302
308,"TURNER, EDWARD R.",303
309,"MICHAEL, WILSON",304
310,"HALLINAN, TOM",247
311,"RICHARDSON, LAURA",305
312,"CONWAY, CONNIE",306
313,"PACKARD, SCOTT D.",307
314,"NEHRING, RON",308
315,"RAMIREZ, RUDY",309
316,"SHELDON, SAM",310
317,"WHALEN, ROBERT",311
318,"HILTON, JAWANE",312
319,"DENHAM, JEFF",313
320,"SANDERS, JOANNE B.",314
321,"WASHINGTON, PATRICIA A.",315
322,"WISSOT, MICHAEL J.",316
323,"GROPER, RICHARD",317
324,"FLORA, HEATH",318
325,"DAVIS, GRAY",319
326,"ZACHARIOU, JONATHAN",320
327,"CANNELLA, ANTHONY",321
328,"STASEK, ROSEMARY VERONICA",322
329,"WAGNER, DON",323
330,"NIELLO, ROGER",324
331,"KOPPULA, PATRICK R",325
332,"HUFFMAN, JARED",326
333,"MEDFORD, JAMES D.",327
334,"LINDBLAD, JOHN P. (JACK)",328
335,"IRLANDO, ANDRES",329
336,"VARGAS, MARK",330
337,"BLOOM, RICHARD",331
338,"VILLARAIGOSA, ANTONIO",332
339,"CHU, KANSEN",333
340,"GONZALEZ, LORENA S.",296
341,"AGHAZARIAN, GREG",334
342,"HAMMOND, LAUREN",335
343,"DE SAULNIER, MARK",336
344,"GALLAGHER, JAMES",337
345,"TORRES, NORMA",338
346,"FORSCH, GLEN",339
347,"UMBERG, TOM",340
348,"MARSHALL, G. RICK",341
349,"CURTIS, DAVID S.",342
350,"SPEIER, JACKIE",343
351,"POLLOCK, DAVID",344
352,"GRAY, ADAM C.",345
353,"HERRERA, ESAU",346
354,"STEVENS, GEORGE",347
355,"DO, CONG THANH",348
356,"MENCHACA, ALEJANDRO",349
357,"COHEN, MALIA M.",350
358,"DYE, DOUGLAS",351
359,"KONNYU, ERNEST L.",352
360,"PIROZZI, ELIA V.",353
361,"JAWAHAR, C J",354
362,"ARNOLD, LEFRANCIS",355
363,"PETRUZZO, STEPHEN M.",356
364,"YEE, LELAND Y.",357
365,"VELDSTRA, RICK",358
366,"CARROLL, DAMIAN",359
367,"FRIEDMAN, LAURA",360
368,"WATSON, LUPE RAMOS",361
369,"CHABOT, PAUL",362
370,"RIVAS, LUZ",363
371,"QUINTO, RAY R.",364
372,"HENTSCHEL, NOEL IRWIN",365
373,"BUTLER, BETSY",366
374,"RUBIN, CHRISTINE",367
375,"LEYES, MAK",368
376,"HERNANDEZ, EDWARD P.",369
377,"WALKER, DAN",370
378,"LEVITT, SCOTT L.",371
379,"ALI, MICAH",372
380,"MEDINA, JOSE",373
381,"MAESTAS, KATHERINE E.",374
382,"FUENTES, YOLANDA",375
383,"GAINES, BETH",376
384,"POPE, CARTER N.",377
385,"ODEN, RON",378
386,"SCHAUPP, CHARLES E.",379
387,"COOK, PAUL",380
388,"SHELLEY, SUSAN",381
389,"LACKEY, THOMAS W.",382
390,"NICKEL, WILEY",383
391,"RENDON, ANTHONY",384
392,"ORTIZ, DEBORAH",385
393,"DODD, BILL",386
394,"TURNER, BISHOP EDWARD",387
395,"VILLARAIGOSA, ANTONIO R.",332
396,"VALADAO, DAVID G.",388
397,"ORNELLAS, LEROY",389
398,"YEE, GARRETT S.",390
399,"JENKINS, STEW",391
400,"JOHANNESSEN, K. MAURICE,",392
401,"WILDER, DEBORAH",393
402,"MORRELL, MICHAEL L.",394
403,"JACKSON, MICHAEL A.",395
404,"KNELL, DEREK P",396
405,"WALDMAN, STUART",397
406,"SHOEMAKER, BRANDON K.",57
407,"COHELAN, TIMOTHY DOUGLAS",398
408,"MC CAULLEY, OLLIE M.",399
409,"CANCIAMILLA, LAURA",271
410,"DICKERSON, RICHARD \DICK\""""",400
411,"MIRANDA, FRANK",401
412,"MADUENO, VIRGINIA",402
413,"CHIARA, CLAIRE",403
414,"SHERARD, MAXINE J.",404
415,"HODGES, SHERRY",405
416,"GAINES, EDWARD",406
417,"APPELQUIST, BARBI",407
418,"VARGAS, JUAN C",408
419,"BACA JR. JR., JOE",409
420,"HART, GREGG",410
421,"TOPALIAN, RITA",63
422,"STEEL, MICHELLE",302
423,"FOWLER, FREDERIK M.",411
424,"CHANG, BARRY",412
425,"SANTILLAN-BEAS, MARIA T.",413
426,"GRAYSON, TIM",414
427,"ARELLANO, CHRISTOPHER",415
428,"RICHARDS II, PAUL H.",416
429,"MENDOZA, GARY S.",417
430,"BOOT, SARAH R",418
431,"MORRIS, GWEN",88
432,"JANG, KEVIN H.",419
433,"LEYVA, CONNIE",420
434,"STONE, JEFFREY E.",421
435,"ARMENTA, CHRISTOPHER",422
436,"KATZ, ANDY",423
437,"WATSON, GUADALUPE R.",424
438,"WESSON, JR., HERMAN J.",425
439,"CENTER, BRIAN",426
440,"MAYES, CHAD",427
441,"DIRIDON, RODNEY",428
442,"DE YOUNG, DENNIS",429
443,"BRUNTON, BOB",430
444,"DICKSON, KENNETH C.",212
445,"PINEDA, RENE GONZALO",431
446,"CLARK, JASON P.",432
447,"GRANLUND, BRETT",433
448,"AGUERO, ANDREW S.",434
449,"BAUGH, LES",435
450,"SANDERS, SEDALIA",436
451,"BRULTE, JAMES L.",437
452,"KROVOZA, JOSEPH F.",438
453,"LUJAN, LOUIE A.",439
454,"NAZARIAN, ADRIN",440
455,"CARRILLO, JR., FRANCISCO",441
456,"CONNOLLY, DAMON M.",442
457,"SANSCHAGRIN, MARC",443
458,"APPEL, JUDY",444
459,"PAPAN, VIRGINA",445
460,"CERVANTES, SABRINA",446
461,"RUBIO, MICHAEL J.",259
462,"HORTON, JEROME E.",108
463,"OLLER, THOMAS",447
464,"HORTON, SHIRLEY",448
465,"MONVILLE III, LOUIS G.",449
466,"KELLY, CHRIS",450
467,"ALLEN, DEBORA",451
468,"JOHNSON SR., NORMAN",452
469,"VERES, STEVE",453
470,"MUNN, JOHN R.",454
471,"BARTON, JOHN H.",455
472,"MC CABE, BRIAN L.",456
473,"HEGYI, PAUL G.",457
474,"STONE, MARK",458
475,"PATE, JOHN",459
476,"OSBORN, TORIE",460
477,"VASQUEZ, MELINDA K",461
478,"DUCHENY, DENISE MORENO",462
479,"CHRISTIAN, RAKESHKUMAR",463
480,"ATKINS, TONI G.",464
481,"ALEJO, LUIS",465
482,"STRICKLAND, TONY",466
483,"GILMORE, DANNY D.",467
484,"KLASKE, FREDERIC C.",468
485,"WILSON, MICHAEL",291
486,"JENKIN, WILLIAM R.",469
487,"VENEGAS, ARTURO",470
488,"MC CLINTOCK, THOMAS",471
489,"STEINBERG, DARRELL",472
490,"DANTONA JR., JIM",473
491,"BOWEN, DEBRA",474
492,"PATTERSON, JIM",475
493,"MATHEWS, RICHARD M.",476
494,"RUNNER, GEORGE",13
495,"TERAMOTO, JASON K.",477
496,"YEE , BETTY T.",478
497,"RIOS, PEDRO",479
498,"LOWENTHAL, BONNIE",480
499,"DEROSE, JANINE",481
500,"KAMENA, SCOTT",482
501,"DEAR, DONALD,",483
502,"SANDERS, JOANNE",314
503,"BELDEN, MARK",484
504,"VILLINES, MICHAEL N.",485
505,"GALVAN, ISAAC",486
506,"KERN, JERRY",487
507,"HAYNES, RAYMOND N.",488
508,"BROWN, MARGARET",489
509,"FUENTES, FELIPE",490
510,"PODESTO, GARY",491
511,"TORRES, NORMA J.",338
512,"SPITZER, TODD",492
513,"LOPEZ, PATTY",493
514,"TAYLOR, THERESA",494
515,"GIPSON, MIKE A.",495
516,"GIBSON, JAMES E.",496
517,"QUINTERO, FRANK",497
518,"GANTT, GENE",498
519,"SPRENGER, BARBARA",499
520,"SCHIPSKE, E. \GERRIE\""""",500
521,"LIVENGOOD, ROBERT,",501
522,"DONNELLY, TIM",502
523,"CARDENAS, TONY",503
524,"WHITMAN, MARGARET C.",504
525,"ESTRADA, RAFAEL",505
526,"MAIENSCHEIN, BRIAN",506
527,"PEREZ, IRELLA",507
528,"COX, TERESA",508
529,"TINAJERO, SAL",509
530,"LOWRY, JOHN R.",510
531,"VERONESE, JOE ALIOTO",511
532,"MARTINEZ  , DIANE J.",512
533,"DALAL, RAJIV",513
534,"LAIRD, JOHN S.",514
535,"SHEN, GEORGE",515
536,"DUTTON, BOB",516
537,"MAGGARD, MIKE",517
538,"MARTINEZ, EFREN",518
539,"LUCAN, ERIC A.",519
540,"REYES, ELOISE GOMEZ",520
541,"WILCOX, DAVID C.",521
542,"OSTRANDER, DANIEL LEE",522
543,"WOOD, CARL",523
544,"ACUNA JR., JOEY V.",524
545,"SIGG, CLAY W.",525
546,"JONES, LINDA",526
547,"POOCHIGIAN, CHUCK",527
548,"KEHOE, CHRISTINE",528
549,"GOMEZ, ARMANDO",529
550,"GARCIA, MONICA",530
551,"GARCIA, RAQUEL",531
552,"DEAZTLAN, AMALIA U.",532
553,"PADILLA, ALEX",533
554,"HARRIS, KAMALA D.",534
555,"SANTIAGO, MIGUEL",535
556,"LOGUE, DANIEL R.",536
557,"DUNN, DAMON J.",537
558,"JOBRACK, SOL",538
559,"BLOUNT, ANDREW",539
560,"MURRAY, KEVIN",540
561,"MIKULACO, RONALD P.",541
562,"HAMMOND, LAUREN R.",335
563,"ALLEN, TRAVIS",542
564,"WILK, SCOTT T.",543
565,"KURZNER, PHILLIP",544
566,"CALDERON, CHARLES M.",545
567,"DECKER, BARBARA V.",546
568,"WELCH, KATHERINE",547
569,"LESLIE, R. TIM",548
570,"WELLS, BILL",549
571,"BAGLEY, SHAWN",550
572,"ANDERSON, ADAM",551
573,"DISPENZA, MIKE",552
574,"RUSSO, JOHN A.",553
575,"SAMUELIAN, STEVEN N.",554
576,"ALDANA, MANUEL",555
577,"SVONKIN, SCOTT",556
578,"KUYKENDALL, STEVEN T.",557
579,"CUTHBERT, ROBERT",558
580,"VALENTINE, BOB",559
581,"ROTH, RICHARD D.",560
582,"TING, PHIL",561
583,"ROBLES, SYLVIA A.",562
584,"HARMON, HEIDI",563
585,"SNODGRASS, DONNA",564
586,"NAPOLI, KATHY CHAVEZ",565
587,"GORDON, MIKE",566
588,"COSTA, JIM",567
589,"KRAFT, GREGORY",78
590,"OBERNOLTE, JAY",568
591,"FLOREZ, DEAN",569
592,"RAMSEY, CHARLES TILLMAN",570
593,"WAPNER, ALAN",571
594,"YEE, BETTY T.",478
595,"COHN, REBECCA",572
596,"SALINAS, SIMON",573
597,"FRAZIER JR., JAMES L.",574
598,"CHOI, STEVEN",575
599,"GOULD, JOHN S.",576
600,"FONG, DARRELL",577
601,"ESCUTIA, MARTHA M.",578
602,"BACA. JR., JOE",409
603,"SANDOVAL, GABRIEL",579
604,"DIAZ, MANNY",580
605,"SKLAR, ERIC",581
606,"BLUMENFIELD, BOB",582
607,"WOOD, JAMES D.",583
608,"MONNING, WILLIAM W.",584
609,"WOOD, CARL W.",523
610,"SMITH, MARIANNE BOPP",585
611,"NUNEZ, FABIAN",586
612,"FOX, MELISSA",587
613,"QUIRK-SILVA, SHARON",588
614,"BUCK, JILL ANN",589
615,"TOM, UMBERG",590
616,"LEACH, LYNNE C.",591
617,"SHELBY, JAMES C.",592
618,"MURATSUCHI, AL",593
619,"BLAIS, NEIL",594
620,"ARNOLD, KEN",595
621,"NAKANO, GEORGE",596
622,"EMMERSON, BILL",597
623,"REED, JIM",598
624,"LEON, PAUL S.",599
625,"MEGAW, SHARI",600
626,"JONES-SAWYER SR., REGINALD BYRON",601
627,"MAC ALONEY, WILLIAM",602
628,"JACKSON, HANNAH-BETH",603
629,"CARLSON, KEITH",604
630,"MONTANEZ, CINDY",605
631,"THOMAS, STEVE",606
632,"GHARABIKLOU, CAMERON J.",607
633,"JACKSON, SUZANNE",608
634,"VINCENT, EDWARD",609
635,"TRAN, VAN",610
636,"PRUITT, DAVID ROA",611
637,"CANNELLA, ANTHONY JOSEPH",612
638,"MUNN, JOHN",454
639,"EGGMAN, SUSAN",613
640,"MURRAY, CYNTHIA L.",614
641,"WARNER, RUSS H.",615
642,"ROUSE, CHARLES E.",616
643,"BISHOP, ART",617
644,"STEINER, DUSTIN M.",618
645,"MOORLACH, JOHN",619
646,"POPP, ELENA",620
647,"KILEY, KEVIN",621
648,"BROWN, RYAN K.",622
649,"OLSEN, KRISTIN M.",623
650,"STONE, JEFF",624
651,"CHIANG, JOHN",625
652,"BERRYHILL, TOM",626
653,"MEUSER, MARK",627
654,"STEIN, GREGORY A.",628
655,"GROPER, RICHARD P.",317
656,"KREKORIAN, PAUL",629
657,"SWEARENGIN, ASHLEY",630
658,"WALSH, CHAD RICHARD",631
659,"GOULD, JOHN",576
660,"WIECKOWSKI, ROBERT",632
661,"YOUNG, JOEL B.",633
662,"TAYLOR, RENEE N.",634
663,"ENGLAND, MARY",635
664,"HAUGHEY, THOMAS P.",636
665,"BUELNA, GABRIEL",637
666,"PAPAN, LOU",638
667,"KILLIAN, CLINTON",639
668,"PHILLIPS, STEVE",640
669,"LOGUE, DANIEL",536
670,"GARCIA, CRISTINA",641
671,"RICHARD, RAINEY",642
672,"ACEVES, LARRY",643
673,"SMITH, RONALD D.",644
674,"POPE, MATTHEW J.",645
675,"RITCHIE, EDWARD H",646
676,"WARNER, RUSS",615
677,"HALL, ISADORE",647
678,"HARE, DAVID M.",648
679,"DHILLON, HARMEET K.",649
680,"PINE, DAVE",650
681,"FLYNN, JOHN T.",651
682,"BILLECI, CHRISTINA R.",652
683,"NATION, JOE",653
684,"GASTIL, GEORGE C.",654
685,"BAYLISS, SHAWN",655
686,"JONES, WILLIAM L.",656
687,"CAMPBELL, TOM",657
688,"BREYER, MICHAEL C.",658
689,"GARAMENDI, JOHN",659
690,"GAINES, BETH B.",376
691,"GROVE, SHANNON",660
692,"SBRANTI, TIM",661
693,"MC KEON, PATRICIA",662
694,"MAC MURRAY, JOHN P.",663
695,"GONZALEZ, ARACELI",664
696,"MAZE, REBECCA",665
697,"DYMALLY, MERVYN M.",666
698,"NOWATKA, PAUL M.",667
699,"BIGELOW, FRANK",668
700,"CHAVEZ, EDWARD \ED\""""",669
701,"NORBY, CHRIS",670
702,"PRICE-CRAWLEY, PAMELA",671
703,"AGBALOG, ROMEO",672
704,"NAMAZI, NAZ",673
705,"CAMPOS, DAVID",674
706,"GAGNIER, CHRISTINA",675
707,"ANDAL, DEAN",676
708,"POHL, BOB",677
709,"MC LAUGHLIN , JOHN T.",678
710,"BACA, JEREMY",679
711,"MOBLEY JR. , JACK M.",680
712,"ALARCON, RICHARD",681
713,"NEAL, STEVE",682
714,"BRITT, HARRY",683
715,"HUFFINGTON, ARIANNA",684
716,"LEYVA, CONNIE M.",420
717,"TUCKER, SUZANNE",685
718,"SALEH, ALI",686
719,"HOLDEN, NATE",687
720,"AMMIANO, TOM",688
721,"KORETZ, PAUL",689
722,"MATTHEWS, BARBARA",690
723,"GREEN, DARCIE",691
724,"SAENZ, EDGAR",692
725,"ANDERSON, JOEL",693
726,"MCGARRY, NELLIE",694
727,"CENDANA TORLAKSON, MAE",695
728,"MELENDEZ, RICHARD",696
729,"SIDHU, HARRY",697
730,"MC GUIRE, MIKE",698
731,"GORELL, JEFF",699
732,"MULLENS, JR., THOMAS A.",700
733,"GRAHAM, PHIL",701
734,"QUINTERO, ANDRES",702
735,"TUROCI, TODD L.",703
736,"EARLY, ERIC",704
737,"HENRY, KATHLEEN",705
738,"WILLIS, WARREN",706
739,"MOORE, MARGARET \PEGGY\""""",707
740,"DE LEON, KEVIN",708
741,"GRAY, GLORIA",709
742,"POIZNER, STEVE",710
743,"ELLIS, STANLEY WILLIAM",711
744,"BATEY, WILLIAM",712
745,"HALLINAN, THOMAS",247
746,"PARKER, DARREN W.",713
747,"BLUMENFELD, ANDREW J",111
748,"CACCIOTTI, MICHAEL ANTHONY",714
749,"RUNNER, SHARON",715
750,"MILLER, DAVID D.",716
751,"DAVID, SAUNDRA",717
752,"VASQUEZ, MELINDA",461
753,"REED, THOMASINA",718
754,"TOWNSEND, DAVID G.",719
755,"MEUSER, MARK P.",627
756,"BROWN, EDMUND G. (JERRY)",720
757,"FERGUSON, JAMES C.",721
758,"PFEILER, LORI HOLT",722
759,"BERMAN, MARC",723
760,"ALIOTO-PIER, MICHELA",724
761,"DUNN, JOSEPH",725
762,"DAUCHER, LYNN",726
763,"CONRAD, WILLIAM",727
764,"BARIC, STEVE",728
765,"MC CARTY, KEVIN",729
766,"ARAMBULA, JOAQUIN",730
767,"RAMOS, MIKE",731
768,"RIORDAN, RICHARD",732
769,"LANCASTER, CHRISTOPHER W.",733
770,"GABRIELLA, WENDY B.",734
771,"AKILI, GREG",38
772,"HOUSTON, GUY S.",267
773,"ENG, MIKE",735
774,"ENG, MICHAEL",736
775,"QUINTERO, ANDRE",702
776,"RUSNAK, VICTORIA",737
777,"RUBAY, JOSEPH A.",738
778,"AMUNDSON, PETER",739
779,"FLOWERS-ZUNIGA, SALLY A.",740
780,"ALBERT-SHERIDAN, LENORE L.",741
781,"PARDUE-OKIMOTO, ROCHELLE",742
782,"BARRIENTOS, MARY",743
783,"FONG, MICHAEL",736
784,"ERLICH, DAVID M.",744
785,"MENDOZA, SANDRA Y.",745
786,"DAVIS, STEVEN",746
787,"PUGNO, ANDREW",747
788,"GUZMAN, GERRI",748
789,"BLEICH, JEFF",749
790,"JOHNSON, BRIAN C.",750
791,"ALLEN, MICHAEL",154
792,"HOFFMAN, ANDRA",751
793,"ALLEN, GREGORY J.",752
794,"MERCADO-FORTINE, GLORIA",753
795,"ARNERICH, NEWELL",754
796,"CONLON, P. GREGORY",755
797,"FIREBAUGH, MARCO",756
798,"THIESEN, TIMOTHY A.",757
799,"MAHMOOD, ASIF",758
800,"URANGA, TONIA REYES",125
801,"SANCHEZ JR., ANGEL",759
802,"SCHOHR, RYAN",760
803,"MIKELS, MARJORIE M.",761
804,"GREWAL, HARINDER",762
805,"BILODEAU, DENIS",763
806,"CASSIDY, ANDREW J.",764
807,"SMITH, MARIANNE",585
808,"BAGATELOS, JONATHAN P.",765
809,"VARGAS, JUAN C.",408
810,"DENNEY, RALPH",766
811,"DUNN, JOE",767
812,"CARLSTROM, ERIN",768
813,"MC CARTY, KELLY",769
814,"BAILEY, STEVEN",770
815,"NICKEL III, GEORGE W.",771
816,"KIRALY, VIRGINIA C.",772
817,"WALKER, LARRY",773
818,"GROVEMAN, BARRY",774
819,"CHANG, LING-LING",775
820,"COX, JOHN H.",776
821,"GOYA, JOHN C.",777
822,"CRESSMAN, DEREK",778
823,"GAINES, EDWARD TED",406
824,"BASS, KAREN",779
825,"BACA JR., JOE",409
826,"WOOD, JIM",780
827,"HANCOCK, LONI",781
828,"CHAMP, GLENN",782
829,"PEACE, STEVE,",783
830,"HODGE, JASON",784
831,"RAMIREZ, RICK",785
832,"LEGG, DAWN ORTIZ",786
833,"KEENE, RICHARD J.",182
834,"BREWER, MARILYN C.",787
835,"FRANDSEN, GREY",788
836,"PARK, KEN",789
837,"BROWN, ROBERT K. \ROB\""""",790
838,"MARKOVICH, PETER SCOTT",791
839,"GUTIEREZ, LYDIA ANN",792
840,"MC IVER, BARBARA",9
841,"TORGAN, BRADLY S.",793
842,"MARINELLI, LOUIS J.",794
843,"REYES, EDWARD PAUL",795
844,"SULLIVAN, ROBIN S.",796
845,"PERKINS, ROBERT E.",797
846,"CAMPBELL, WILLIAM J.",798
847,"DAVIS, SAUNDRA",717
848,"ROYAL, TODD",799
849,"DUVALL, MIKE",800
850,"MC PHERSON, BRUCE",295
851,"BUCK, JILL",801
852,"BAKER, JOHN",802
853,"FONG, VINCENT",803
854,"CRAFFEY, MATTHEW",100
855,"LOWE, ROBIN",804
856,"NASH-HOFF, MICHELE",805
857,"PACHECO, ROBERT \BOB\""""",806
858,"CAMPBELL, JOHN",807
859,"ALLEN, BEN",808
860,"ING, MITCHELL",809
861,"LOWENTHAL, SUJA",810
862,"CEDILLO, GILBERT",811
863,"MAGEE, ROBERT E.",812
864,"MEDINA, ABIGAIL M.",813
865,"RICHMAN MD, KEITH",814
866,"ANTONOVICH, MICHAEL D.",815
867,"VOGEL, KEN",816
868,"RICASA, ARLIE",817
869,"MULLIN, KEVIN",818
870,"MORRISON, WILLIAM M.",819
871,"HOWARD, JANE",820
872,"HOLLINGSWORTH, DENNIS",821
873,"MC CARTHY, KEVIN",729
874,"JORDAN, SUSAN",822
875,"MAC CARLEY, MARK J",232
876,"LACHMAN, ANDREW",823
877,"WIENER, SCOTT D.",824
878,"COLE, ROBERT",825
879,"ACKERMAN, LINDA",826
880,"POYTHRESS , ROBERT",827
881,"LEONARD, BILL",828
882,"WARD, MITCH",829
883,"STINCHCOMBE, KAI H.",830
884,"GUERRA, MARIO A.",831
885,"FUENTES, CHUCK",832
886,"GILBREATH, PATRICIA L.",833
887,"SIEGLOCK, JACK A.",834
888,"CRAWFORD, CRYSTAL",835
889,"REED, RICHARD",836
890,"FRUSETTA, PETER",837
891,"BLANTON, STEVE",838
892,"YOUNG, CRAIG",839
893,"NEWSOM, GAVIN",840
894,"POLANCO, RICHARD",841
895,"KEATING, JANICE E.",842
896,"IRWIN, JACQUI",843
897,"HALL, VINCE HENRY",844
898,"LEDFORD, JAMES C.",327
899,"YARBROUGH, D. SHELLY",845
900,"MARTINEZ, DIANE",512
901,"BAUGH, SCOTT",846
902,"KUEHL, SHEILA J.",847
903,"FEUER, MICHAEL NELSON",848
904,"OROPEZA, JENNY",849
905,"BOCANEGRA, RAUL",850
906,"MOBLEY, JACK",851
907,"SHERMAN, BRAD",852
908,"BECERRA, XAVIER",853
909,"WILLIAMS, DAS",854
910,"MACALUSO, FRANK A.",855
911,"TATEISHI, PETER",856
912,"GLAZER, STEVEN",857
913,"SPEIER, JACQUELINE",858
914,"GLOVER, MICHAEL G.",859
915,"BRYSON, ANNA",860
916,"HASWELL, ROB",861
917,"ROESCH, JEAN",862
918,"DOUGLAS, FARRAH",863
919,"BONHACH, HEATHER PETERS",864
920,"SEGURA, MARTA",865
921,"WILLEY, LARRY",866
922,"FOSTER, BOB",867
923,"VON SZELISKI, HEIDI",868
924,"WERDEGAR, KATHRYN",869
925,"MC CAMMON, WILLIAM J.",870
926,"NAHABEDIAN, NAYIRI",871
927,"CHAVEZ, RENEE",872
928,"GARCIA, CARMELITA",873
929,"GORSULOWSKY, TIMOTHY S.",874
930,"DOW, DANIEL L.",875
931,"MOUNTJOY, DENNIS",876
932,"RAO, ROBERT",877
933,"GUTIERREZ, RICHARD",878
934,"MC FARLAND, BRUCE DAVID",879
935,"FORD, MARY JO",880
936,"FLORES, ARMANDO M.",881
937,"NESTANDE, BRIAN",882
938,"RAMIREZ, MANUEL A.",883
939,"GORDON, BARRY",884
940,"CALAYCAY, COREY L.",885
941,"BLOCK, MARTY J.",886
942,"HEWITT, JEFFREY",887
943,"BATTIN JR., JAMES F.",888
944,"IZEN, TYLER",889
945,"KROUSE, THOMAS",890
946,"PEPPLER, SUSAN",891
947,"MC FADDEN, BRADLEY J.",892
948,"BECKLES, JOVANKA",893
949,"BOGH, RUSSELL V.",894
950,"EISENHUT, JOHN",895
951,"SMITH, ROBERT W.",896
952,"ALBY, BARBARA J.",243
953,"BERRYHILL, WILLIAM R.",897
954,"MARQUEZ, LUIS H.",898
955,"JONES, JUDY",899
956,"LOWENTHAL, JOSH",900
957,"MORROW, BILL",901
958,"PRANG, JEFFREY",902
959,"PHARES, ANA VENTURA",159
960,"RODRIGUEZ, GREG",903
961,"RIGHEIMER, JIM",904
962,"VELAZQUEZ, IGNACIO",905
963,"RUSH, ROBERT L.",906
964,"EBENSTEIN, JEFF",907
965,"LEHMANN, HARRY",908
966,"ROWEN, ROBERT J.",909
967,"KELLEY, DAVID G.",910
968,"MIRANDA, PAULINA M.",911
969,"PATINO, JAIME R.",912
970,"ARONER, DION LOUISE",913
971,"NEGRETE MCLEOD, GLORIA",914
972,"BROWN JR., WILLIE L.",126
973,"KALRA, ASH",915
974,"ALLARD II, JOHN B.",916
975,"FROST, ROBERT",917
976,"DEL CARLO, MATTHEW S.",918
977,"INKS, JOHN M.,",919
978,"RIDLEY-THOMAS, MARK",920
979,"KURTH, DON",921
980,"WILSON, THOMAS W.",922
981,"AANESTAD, SAMUEL",923
982,"SKIPWORTH, STANLEY T.",924
983,"CLUTE, STEVE W.",925
984,"HOGUE, ERIC K.",926
985,"VOORAKKARA, SID",927
986,"NEAL, KATHY",928
987,"FAZIO, STEVE",929
988,"GRIESS, GABE",930
989,"HUFF, ROBERT 'BOB'",931
990,"PATRASCU, EMANUEL",932
991,"AYRES, JIM",933
992,"TRAN, JOHN",934
993,"JAFRI, KHALID JEFFREY",935
994,"GABRIEL, LYNN",936
995,"CUNNINGHAM, JORDAN",937
996,"CABALLERO, ANNA",938
997,"GUTIERREZ, LYDIA A.",792
998,"MULLIN, GENE",209
999,"HARTZ, BARRY K.",939
1000,"CHAVEZ, LUIS",940
1001,"PACHECO, ROBERT",806
1002,"LLOYD, JUDY BIVIANO",941
1003,"CAPLANE, RONNIE",942
1004,"CHU, JUDY",943
1005,"COHN, STEVE",944
1006,"NAVA, PEDRO I.",254
1007,"PETERSON, PETE N.",945
1008,"SANCHEZ, ANTONIO",946
1009,"MILSTEIN, ELEYNE S.",947
1010,"ELLENSON, CORY H",948
1011,"FILSON, STEVE",949
1012,"YOUNG, STEVE",293
1013,"NEVIN, MIKE",950
1014,"MATHUR, PRIYA",951
1015,"DE OCAMPO, ALEX",952
1016,"CASERTA, DOMINIC J.",953
1017,"PACHECO, RODRIC A.",954
1018,"DE LA TORRE, HECTOR",955
1019,"DOVINH, JOE",956
1020,"ROTHMAN, JASON A.",957
1021,"URIAS, BRYAN",958
1022,"STERN, HENRY",959
1023,"HEUMANN, KAREN A",960
1024,"GREWAL, MANMEET",961
1025,"EASTMAN, JOHN C.",962
1026,"ANDERSON, JOEL C.",693
1027,"ALPERT, DEDE",963
1028,"MILLER, ADAM J.",964
1029,"DIAZ, MANNNY",580
1030,"RASMUSSEN, LESA",965
1031,"KASSAKHIAN, ARDASHES",966
1032,"CAPLANE, RONNIE GAIL",942
1033,"MURRAY, ADAM",967
1034,"HARPER, MATTHEW",968
1035,"ZINK, TODD",969
1036,"KENNEDY, JOHN",970
1037,"NELSON, CRISTI",971
1038,"EASTON-BROWN, ALEX",972
1039,"SCOTTO, FRANK",973
1040,"BEECHAM, NANCY LEE",974
1041,"JACOBI, VERONICA S.",975
1042,"ANDERSON, KATE",976
1043,"POWELL, RICK",977
1044,"CONNELL, KATHLEEN",978
1045,"MAGSIG, NATHAN",979
1046,"VIDAL, THOMAS H.",980
1047,"GREEN, MARK",981
1048,"CAMPOS, NORA",982
1049,"AGUIRRE, RICHARD",878
1050,"PAN, RICHARD",841
1051,"PACHECO, GAYLE E.",983
1052,"ISSA, DARRELL E.",984
1053,"LINDER, ERIC",985
1054,"BENOIT, JOHN",986
1055,"DABABNEH, MATTHEW",987
1056,"KRUEGER, PATRICIA \PAT\""""",988
1057,"BIRNBAUM, RON",989
1058,"HEALEY, LAURETTE",990
1059,"ROBINSON, JACQUE",991
1060,"CHAU, EDWIN",992
1061,"MEDINA, JOSE J.",373
1062,"BRANSTINE, DAN",993
1063,"SMITH, MEL",994
1064,"COOLEY, KEN",995
1065,"MARQUEZ, RAY",996
1066,"MILLER, GARY",997
1067,"BENNETT, JEFFREY P.",998
1068,"BLAKESLEE, SAM",999
1069,"HODGES, SHERRY M.,",1000
1070,"FLORES-GIBSON, MARTHA",1001
1071,"GALGIANI, CATHLEEN",1002
1072,"GARCIA, EDUARDO",1003
1073,"IGLESIAS, CECILIA",1004
1074,"CHUCHUA, BRIAN NEIL",1005
1075,"MADDOX, KENNETH",1006
1076,"HAVICE, SALLY",1007
1077,"WOLK, LOIS",1008
1078,"SALADINO, MARK J.",1009
1079,"ALDANA JR., MANUEL",555
1080,"ROBINSON, MIKE",1010
1081,"PARRA, NICOLE",1011
1082,"GONZALES, GILBERT V.",1012
1083,"GIRARD, ROSARIO",1013
1084,"SILVA, JIM",1014
1085,"LANCASTER, GORDON K.",1015
1086,"JONES, DAVE",1016
1087,"MCCARTY, KEVIN",729
1088,"PANAHI, SEAN JAY",1017
1089,"CRISTICH, CRISTI L.",1018
1090,"BONILLA, SUSAN",1019
1091,"WYMAN, PHILLIP",1020
1092,"MENDOZA, OSCAR",1021
1093,"MCCANN, JOHN",66
1094,"EDGAR, TROY",1022
1095,"HUESO, BEN",1023
1096,"THOTTAM, PETER L.",1024
1097,"TORLAKSON, MAE",1025
1098,"HUNTER, TRICIA RAE",1026
1099,"JONES, JUDITH E.",1027
1100,"BLOCK, JOEL",1028
1101,"MARQUEZ, LUIS",898
1102,"WALTER, ROBIN T.",1029
1103,"CHAROEN, GORPAT HENRY",1030
1104,"DICKERSON, DICK",1031
1105,"JOHANNESSEN, MARK",1032
1106,"GLORIA, TODD",1033
1107,"EVANS, NOREEN M.",1034
1108,"RIDLEY-THOMAS, SEBASTIAN M.",1035
1109,"QUIRK, BILL (WILLIAM J.)",1036
1110,"SKINNER, NANCY",1037
1111,"SILVA, JAMES",197
1112,"EBENSTEIN, JEFFERY",907
1113,"HAYASHI, MARY",1038
1114,"DE ST. JEOR, BRET",1039
1115,"OLBERG, KEITH R.",1040
1116,"LAND, ABBE",1041
1117,"WILSON, LINDA",1042
1118,"KEATING, JANICE",842
1119,"STEINMEIER, JOANN",1043
1120,"WOOLERY, LISA",1044
1121,"WILSON, ABRAM",1045
1122,"VELA, DAVID",1046
1123,"BLAKE, JUSTIN",1047
1124,"BOSETTI, RICK A.",1048
1125,"SMITH, RON",1049
1126,"ROBERTS, SIERRA",1050
1127,"BRADFORD, STEVEN",1051
1128,"KRAMER, DAN",1052
1129,"PICO JR., THOMAS P.",1053
1130,"TORLIATT, PAMELA",1054
1131,"JOHN J., BENOIT",1055
1132,"FURUTANI, WARREN T.",129
1133,"JONES, BILL",1056
1134,"LOWENTHAL, ALAN",1057
1135,"MALHI, SATINDER S.",1058
1136,"TORLAKSON, TOM",1025
1137,"VOORAKKARA, SID C.",927
1138,"WONG, LUIS A.",1059
1139,"HOM, GLORIA",1060
1140,"BRANDT, JIM",1061
1141,"MC COY, ROB",1062
1142,"PETERSON, PETE",945
1143,"WICKMAN, RENEA",1063
1144,"ALVAREZ, CLAUDIA",1064
1145,"DAVIS, PATRICIA S.",1065
1146,"MACARENO, RUBEN",1066
1147,"NICHOLSON, LAUREL A.",1067
1148,"CHAVEZ, ARTURO",1068
1149,"UEBERROTH, PETER",1069
1150,"HAALAND, DOUGLAS",1070
1151,"FOX, STEVE",1071
1152,"GONZALES, RICARDO M.",1072
1153,"STODDER, SETH",1073
1154,"HARRINGTON, MICHAEL",70
1155,"MENDOZA, RUDY",1074
1156,"KIGHT, CARL P.",1075
1157,"WIGGINS, PATRICIA ANN",1076
1158,"FLOREZ, FRAN",1077
1159,"DAVIS, MIKE",1078
1160,"COX, DAVE",1079
1161,"LAURITSEN, JOHN",1080
1162,"HOLT PFEILER, LORI",722
1163,"ZACARIAS, HILDA",1081
1164,"TSIMBOUKAKIS, FOTIOS/FRANK",1082
1165,"CHAVEZ, ROCKY",1083
1166,"SCHNUR, DAN",1084
1167,"PAGE, CHUCK",1085
1168,"KASSAKHIAN, ARDY",1086
1169,"PEREZ, V. MANUEL",1087
1170,"KRIEGEL, DOUG",1088
1171,"JEFFRIES, KEVIN D",1089
1172,"WESTLY, STEVE",1090
1173,"HOLDEN, CHRIS",1091
1174,"WALKER, PROPHET L.",1092
1175,"ANGELIDES, PHIL",1093
1176,"BRUNO, BARON",1094
1177,"REILLY, JANET",1095
1178,"LEMPERT, TED",1096
1179,"VON SZELISKI, HEIDI J.",868
1180,"CAPLES, BRIAN",1097
1181,"MISSAKIAN, CRAIG",1098
1182,"SOLORIO, JOSE",1099
1183,"WILLIS, WARREN P.",706
1184,"PENA, JOHN J.",1100
1185,"MCFADDEN, BRADLEY",892
1186,"LEJA, JAN",1101
1187,"JOHNSON, ROSS",1102
1188,"PUGNO, ANDY",1103
1189,"GABL, DIANE CHRISTINE",1104
1190,"HIGGINS, CASEY C.",1105
1191,"BECKER, JOSH",1106
1192,"RODRIGUEZ, DIANA",1107
1193,"FLUKE, SANDRA",1108
1194,"HASKIN, GREG",1109
1195,"LIMON, S. MONIQUE",1110
1196,"MIGDEN, CAROLE",1111
1197,"ARNERICH, NEWELL KENNETH",1112
1198,"SVOLOS, CHARLOTTE A.",1113
1199,"HOSTERMAN, JENNIFER",91
1200,"STRICKLAND, AUDRA",1114
1201,"REED, ROMAN",1115
1202,"ONOFRE, KARINA",1116
1203,"DE GONIA, JARROD R.",1117
1204,"HERNANDEZ, PATRICIA",1118
1205,"SINGER, DIANE",1119
1206,"HARRIS, EDWARD B.",1120
1207,"WANG, KRIS",1121
1208,"COGDILL, DAVID E.",1122
1209,"SANDER, DAVID",1123
1210,"MITZELFELT, BRAD",1124
1211,"COSTA, JAMES M.",1125
1212,"REILLY, EMILY",1126
1213,"BERNOSKY, ROBERT E.",1127
1214,"WASHINGTON, PAT",1128
1215,"JENKINS, STEWART D.",1129
1216,"RICO, STEPHEN F.",1130
1217,"VIDAK, JAMES ANDREW",1131
1218,"KRIKORIAN, GREGORY S.",1132
1219,"BAKER, CATHARINE",1133
1220,"JEFFRIES, KEVIN D.",1089
1221,"WALKER, SHERRY",1134
1222,"VOEPEL, RANDY G.",1135
1223,"PENA, JOHN",1100
1224,"HALLDIN, BILL",1136
1225,"TOMAN, MARY",1137
1226,"BATES, PATRICIA",1138
1227,"HUNSWECK, MICHAEL J.",1139
1228,"SIMITIAN, S. JOSEPH",1140
1229,"CONNOLLY, DAMON",442
1230,"STAMMREICH, JOHN S.",1141
1231,"ONG, JENNIFER",207
1232,"WYLAND, MARK B.",1142
1233,"HADLEY, DAVID F.",1143
1234,"KOLSKI, CHRIS",1144
1235,"WATERFIELD, ETTA",1145
1236,"STROM-MARTIN, VIRGINIA",1146
1237,"MILLER, GARY G.",997
1238,"CARCIONE, JOHN P.",1147
1239,"ARAMBULA, JUAN",1148
1240,"SANCHEZ, LORETTA",1149
1241,"CALDERON, IAN",1150
1242,"NEVIN, MICHAEL D.",1151
1243,"JESSON, NICK",1152
1244,"LOPEZ, LUIS",1153
1245,"JACOBI, VERONICA",975
1246,"CARDOZA, DENNIS",1154
1247,"KELLY, DAN",1155
1248,"MC GARRY, NELLIE",694
1249,"BURTON, JOHN L.",455
1250,"VARGAS, JUAN",408
1251,"PAVLEY, FRAN",1156
1252,"MILES JR., LAWRENCE W.",1157
1253,"ORTEGA, BARBARA",1158
1254,"PERKINS, CHARLES E.",1159
1255,"MONVILLE III, LOU",449
1256,"ALDEN, JOHN W.",1160
1257,"MARTINEZ, SUZETTE",1161
1258,"DIVINE, ROBERT B.",1162
1259,"OHTAKI, PETER I.",1163
1260,"UMBERG, THOMAS",340
1261,"MORALES, ELOY",1164
1262,"O'CONNELL, DANIEL B.",1165
1263,"PAPAN, GINA",445
1264,"HAYES-RAITT, KELLY",1166
1265,"LAU, JAMES",1167
1266,"KOWAL, JERRY S.",1168
1267,"SIMONOFF, MARTY",1169
1268,"SHAW, LYNNETTE M.",1170
1269,"KING, DAVID A.",43
1270,"SMYTH, CAMERON",1171
1271,"FORSCH, GLEN R.",339
1272,"HEADINGTON, EDWARD W.",1172
1273,"FRIEDMAN, JONATHAN",1173
1274,"BHATT, ASHIK K.",1174
1275,"WEIDE, VANDER",1175
1276,"CHIU, DAVID",1176
1277,"MADISON, JONATHAN E.",1177
1278,"AUGUSTINE, LEN",1178
1279,"VERRONE, PATRIC",1179
1280,"GROSE, TED",1180
1281,"CHAVEZ, EDWARD",669
1282,"ROACH, DERRICK",1181
1283,"WILDMAN, SCOTT",1182
1284,"BEYER, DEBBIE M.",1183
1285,"QUINONES, PEARL",1184
1286,"ORTIZ, DEBORAH V.",385
1287,"CHACON, HECTOR",1185
1288,"CHEEMA, SARABJIT KAUR",1186
1289,"BOSETTI, RICK",1048
1290,"GRIMES, JAMES W.",1187
1291,"BETANCOURT, PAUL",1188
1292,"POPP, ELENA I.",620
1293,"GIPSON, MIKE",495
1294,"GLAAB, PAUL",1189
1295,"MIKELS, JUDY",1190
1296,"LINCOLN, KEVIN",1191
1297,"BENOIT, JOHN J.",986
1298,"BENNETT, JAMES D.",1192
1299,"GRANLUND, LONNI",1193
1300,"DE VORE, CHARLES S.",1194
1301,"KANG, SUKHEE",1195
1302,"GORDON, RICHARD S.",1196
1303,"PEREZ, VICTOR M.",1197
1304,"BRACAMONTES, MICHAEL",1198
1305,"NIELSEN, JIM",1199
1306,"ERVIN, JOHNATHON",1200
1307,"KIRALY, VIRGINIA CHANG",772
1308,"ARGUELLO, DANIEL",1201
1309,"ALDINGER, JIM",1202
1310,"MC GILL, MICHAEL JOSEPH",1203
1311,"HERNANDEZ, MANUEL",84
1312,"THIER, HOLLI",1204
1313,"YEAGER, KEN",1205
1314,"JAHN, WILLIAM E.",1206
1315,"LIU, CAROL",1207
1316,"MILES , LAWRENCE",1157
1317,"DESAULNIER, MARK",336
1318,"PETERS BONHACH, HEATHER",864
1319,"JEANDRON, GARY",1208
1320,"LUDLOW, MARTIN",1209
1321,"DELGADILLO, ROCKARD J.",1210
1322,"PAPAN, VIRGINIA",445
1323,"SLONSKY-BREAULT, ROSEANN",1211
1324,"MURRAY, CYNTHIA",614
1325,"KEELEY, FRED",1212
1326,"MEDINA, ABIGAIL",813
1327,"ANDREAS, MARY ANN",1213
1328,"THIESEN, TIMOTHY",757
1329,"PEREZ-ESTOLANO, KATHERINE A.",1214
1330,"GLAAB, PAUL G.",1189
1331,"FREEMAN, S. DAVID",1215
1332,"SCHAUPP, CHARLES",379
1333,"MARTINEZ, VICTORIA",1216
1334,"LARRABEE, JASON",1217
1335,"HESSELEIN, DERRICK C.",1218
1336,"BERRYHILL, THOMAS C.",1219
1337,"LO, HENRY",1220
1338,"REYNAGA-EMETT, CORKY",1221
1339,"JOHN, ALDEN",1222
1340,"ARMENTA, CHRISTOPHER R.",422
1341,"FLYNT, LARRY",1223
1342,"DE LA LIBERTAD, ARMANDO",1224
1343,"KAIN, PALMER",1225
1344,"ROMERO, GLORIA",1226
1345,"JONES, LINDA K.",526
1346,"MITCHELL, HOLLY J.",1227
1347,"SPENCE, MIKE",1228
1348,"PEREA, HENRY T.",1229
1349,"STEPHENS, ROBERT L.",1230
1350,"JAKE, JOHN",1231
1351,"HARMAN, DIANNE D.",1232
1352,"HARDEN, DANIEL V.",1233
1353,"ARMENTA, DAVID W.",266
1354,"HUNTER, TRICIA",1026
1355,"MACHADO, MICHAEL J.",1234
1356,"SALAS JR., RUDY",1235
1357,"PEREZ, LETICIA",1236
1358,"MA, FIONA",1237
1359,"LA MALFA, DOUG",1238
1360,"NGUYEN, JANET",1239
1361,"DEBLAUW, RONALD E",1240
1362,"WINSLOW, WILLIAM L.",1241
1363,"DYMALLY, MERVYN",666
1364,"LIEBER, SALLY",1242
1365,"WALSH, CHAD R.",1243
1366,"DIRIDON JR., RODNEY",428
1367,"MILLER, RAYMOND",1244
1368,"KOREVAAR, ERIC J.",1245
1369,"NGUYEN, MADISON",1246
1370,"BURKE, AUTUMN",1247
1371,"PINEDA, DOROTHY",1248
1372,"BUSTAMANTE, CRUZ M.",1249
1373,"MALDONADO, ABEL",1250
1374,"BROOKS, KAREN",1251
1375,"ATKINS, TONI",464
1376,"WYMAN, PHILLIP D.",1020
1377,"OLBERG, R. KEITH",1040
1378,"PAULE, PHIL",1252
1379,"RODRIGUEZ, FREDDIE",1253
1380,"VERONESE, JOE",1254
1381,"KLOSS, JANINE L.",1255
1382,"DANTONA, JIM",473
1383,"AMANTE, JERRY",1256
1384,"CHESBRO, WESLEY",1257
1385,"PETTIS, GREGORY S.",1258
1386,"KASPERZAK JR., R. MICHAEL",1259
1387,"EU, MARCH FONG",1260
1388,"ANGELIDES, PHILIP N.",1093
1389,"LENNING, DIANE A.",1261
1390,"CASERTA JR, DOMINIC",953
1391,"WILLOUGHBY, ANTHONY",1262
1392,"PAPE, KEVIN",1263
1393,"SCHMIDT, ERIC",1264
1394,"KRING, LUCILLE",1265
1395,"TUCK, MARSHALL",1266
1396,"SALAS, BRENDA",1267
1397,"GONZALES, RICK",1268
1398,"PETRILLA, JESSE",1269
1399,"MENDOZA, TONY",1270
1400,"REYES, ELOISE",1271
1401,"OTTO, KEVAN",1272
1402,"LEVINE, LLOYD",1273
1403,"STEINORTH, MARC",1274
1404,"WAPNER, ALAN D.",571
1405,"PAROSKI, SEAN",1275
1406,"SHAW, TIM",1276
1407,"SCHWARZENEGGER, ARNOLD",1277
1408,"IMBASCIANI, VITO",1278
1409,"FARRISE, SIMONA",1279
1410,"BIGGERS, KEVIN J.",1280
1411,"BREYER, MICHAEL",658
1412,"WOODS, DARCEL",1281
1413,"COTO, JOE",1282
1414,"SONG, PAUL",171
1415,"PORTANTINO, ANTHONY",1283
1416,"COOPER, JIM",1284
1417,"WALKER, PROPHET",1092
1418,"MILLER, GLENN A.",1285
1419,"MASTIN, JAMES",1286
1420,"SNODGRASS, DONNA J.",564
1421,"MOUANOUTOUA, VONG",1287
1422,"DAIGLE, LESLIE J.",1288
1423,"DEFRANK, DAVID",1289
1424,"LEDDY, JIM",1290
1425,"HERTZBERG, ROBERT",1291
1426,"ALQUIST, ELAINE",1292
1427,"WESTALL, ANDREW J.",1293
1428,"LIEU, TED",1294
1429,"LEVEY, JONATHAN",1295
1430,"CHABOT, PAUL R.",362
1431,"FENNELL, DAVID",1296
1432,"COPPES, GREGORY L",1297
1433,"PAK, BEN",1298
1434,"KIM, YOUNG O.",1299
1435,"RIDDLE, PHLUNTE",1300
1436,"PESCETTI, ANTHONY",1301
1437,"BAUMANN, HELEN K.",1302
1438,"NESBET, BARBARA",1303
1439,"CHANDLER, ROBERT L.",1304
1440,"MC LEOD, GLORIA NEGRETE",914
1441,"MCGILL, MICHAEL",1305
1442,"HODGE, JASON T.",784
1443,"KOUNALAKIS, ELENI",1306
1444,"BYRNE, JOHN",1307
1445,"HU, GRACE",1308
1446,"CALDERON, THOMAS M.",1309
1447,"GARCIA, BONNIE",1310
1448,"BROUGH, BILL",1311
1449,"AREIAS, RUSTY",1312
1450,"REYES, SARAH",1313
1451,"VASCONCELLOS, JOHN",1314
1452,"CASTANEDA, STEVE",1315
1453,"KANG, SAM",1316
1454,"DURAZO, MARIA ELENA",1317
1455,"PLESCIA, GEORGE A.",1318
1456,"LEYES, MARK A.",368
1457,"GRAY, MATTHEW W.",1319
1458,"PINARD, MARGARET ANN",1320
1459,"TAYLOR, ZACHARY",1321
1460,"FERNANDEZ, JOANNE",1322
1461,"WASHINGTON, CARL",1323
1462,"CAMPBELL, JOHN B.T.",807
1463,"COOK, PAUL J.",380
1464,"GILBERT, JOANNE T.",1324
1465,"CARRILLO, PEDRO",1325
1466,"GAINES, EDWARD T",406
1467,"VELARDE-GARCIA, OFELIA",1326
1468,"RODITIS, KONSTANTINOS",1327
1469,"NEMETH, EDWARD J.",1328
1470,"KIM, JANE",1329
1471,"VEENKER, VICKI",1330
1472,"HARDY, STEVE M.",1331
1473,"WRIGHT, RODERICK \ROD\""""",1332
1474,"LENO, MARK",1333
1475,"RICHMAN, KEITH STUART",1334
1476,"CARRILLO, WENDY",1335
1477,"ROESCH, JEAN DR.",862
1478,"VIDAL, THOMAS",980
1479,"DAHLE, BRIAN",1336
1480,"GUBLER, WARREN",1337
1481,"PHILLIPS, AL",1338
1482,"BRUNNER, JANE",1339
1483,"BULLOCK, DENNIS R",1340
1484,"KLEHS, JOHAN",1341
1485,"SWANSON, SANDRE",1342
1486,"BUCHANAN, JOAN",1343
1487,"KIM, YOUNG",1299
1488,"CAMEJO, PETER M.",76
1489,"CONRAD, BILL",1344
1490,"KARNO, NICK",1345
1491,"WALTERS, MARIAN",1346
1492,"WARREN, ELIZABETH",1347
1493,"WAKIM, SAMUEL",222
1494,"BARAJAS, ESTHER",1348
1495,"GALVAN , ISAAC J.",486
1496,"BATES, PATRICIA C. \PAT\""""",1349
1497,"PERATA, DON",1350
1498,"ELLIOTT, ROBERT V.",1351
1499,"ZIMMERMAN, MICHAEL",1352
1500,"DE LA FUENTE, IGNACIO",1353
1501,"JONES, BRIAN W.",1354
1502,"RIOS, PEDRO AYON",1355
1503,"PULLEN-MILES, ROBERT",1356
1504,"ZIPPI, MARIANNE",1357
1505,"HUNT, CLARENCE",1358
1506,"UMBERG, THOMAS J.",340
1507,"PONCE, JAIME OLIVER",1359
1508,"KAMENIR-REZNIK, JANICE",1360
1509,"ACHADJIAN, KHATCHIK",1361
1510,"DELIGIANNI-BRYDGES, ALEXIA L.",1362
1511,"FAJARDO, JOEL",1363
1512,"BUTTERFIELD, PAUL",1364
1513,"HARMAN, TOM",1365
1514,"GRUENER, GARRETT",1366
1515,"AGUIAR-CURRY, CECILIA",1367
1516,"GREENE, LYN",1368
1517,"HORSPOOL, RAYMOND P.",1369
1518,"WEBER, SHIRLEY N.",1370
1519,"BRONNER, REGINALD G.",1371
1520,"NELSON, KERRY J.",1372
1521,"WALDRON, MARIE",1373
1522,"CURRY, KEITH",1374
1523,"O'DONNELL, PATRICK",1375
1524,"MCGRATH, ROSALIND A.",1376
1525,"COOLEY, STEVE",1377
1526,"AYALA, LUIS",1378
1527,"HUEY, CRAIG",1379
1528,"DAVENPORT II, ROBERT",213
1529,"KOKKONEN, MATT",1380
1530,"GAINES, TED",1381
1531,"STECKLER, CRAIG",1382
1532,"ANTONOVICH, MICHAEL",815
1533,"VALENCIA, ANA",1383
1534,"JONES, JUDITH E",1027
1535,"GARAMEDI, JOHN",659
1536,"SILVER, JOY",1384
1537,"O'CONNELL, JACK",1385
1538,"AANESTAD, SAMUEL M.",923
1539,"RUBIO, BLANCA",1386
1540,"VAUGHN, NED",1387
1541,"PETTIS, GREG",1388
1542,"LEBLANC, DEBORAH",1389
1543,"GARDNER, M. DEAN",35
1544,"PORTILLO, CESAR",1390
1545,"HARGROVE, KARALEE B.",1391
1546,"MARKS, CINDY",1392
1547,"MELENDEZ, MELISSA",1393
1548,"NEWCOMER, OWEN",1394
1549,"MANAYAN, HENRY C.",1395
1550,"YOUNG, JOEL",633
1551,"HANSON, MARK N.",20
1552,"HOLT, GABRIELLA S.",1396
1553,"LUTNESS, CAROLE",227
1554,"YOUNG, STEVEN RAY",293
1555,"QUINTERO III, FRANK",497
1556,"STRICKLAND, PAUL",1397
1557,"SCHERMAN, SOPHIA GONZALES",1398
1558,"RENISON, JOHN",1399
1559,"WAYNE, HOWARD",1400
1560,"MAZE, BILL",1401
1561,"SCOTT, JACK",1402
1562,"HARRINGTON, MICHAEL \MICKEY\""""",1403
1563,Adam B. Schiff*,1404
1564,G. Burt Lancaster,1405
1565,Baron Bruno,1094
1566,Zoe Lofgren,1406
1567,Doris Matsui*,1407
1568,John A. Perez*,185
1569,Angel Cardenas,1408
1570,John Munn,454
1571,Adam Shbeita,1409
1572,Adnan Shahab,1410
1573,Mike Honda*,1411
1574,Mario A. Guerra,831
1575,Anthony Rendon*,384
1576,Rico Oller,1412
1577,Jill Stein,1413
1578,Cameron M. Smyth*,1171
1579,Patricia A. Kotze-Ramos,1414
1580,Jim Cooper,1284
1581,Anthony J. Portantino*,1283
1582,Michael Breyer,658
1583,Tom Watson,1415
1584,Brad Jonathan Taylor,1416
1585,Martha Flores Gibson,1001
1586,Mike Gipson,495
1587,Matthew Lin,230
1588,Jim Patterson*,475
1589,Rudy Mendoza,1074
1590,Sue Caro,1417
1591,Robert Murray,1418
1592,Jerry Tetalman,1419
1593,Adam B. Schiff,1404
1594,Gilbert V. Gonzales,1012
1595,Alvaro G. Day,1420
1596,Earl De Vries,1421
1597,Daniel W. Roberts,1422
1598,Scott Wilk*,543
1599,Ami Bera,1423
1600,Michelle P. Connor,1424
1601,Brian Jones,1354
1602,Ron DeBlauw,1425
1603,Walter O. Villarreal,1426
1604,Thomas E. Krouse,890
1605,Tom Torlakson,1025
1606,Jeff Stone,624
1607,Bill Dodd,386
1608,Jerry White,1427
1609,"Chengzhi ""George"" Yang",1428
1610,Julia Brownley,106
1611,Hannah-Beth Jackson,603
1612,Michael Havig,119
1613,Ronald Gold,237
1614,Cheryl Cook-Kallio,163
1615,John S. Stammreich,1141
1616,Brad Sherman,852
1617,Carter N. Pope,377
1618,Tom Walsh,1429
1619,Steve Fox,1071
1620,Jimmy Panetta,1430
1621,Donald P. (Don) Wagner*,175
1622,Jose Medina*,373
1623,Brian Daniel Whelan,1431
1624,Chris Holden,1091
1625,"Arthur ""Art"" Moore",1432
1626,Edward Fuller,1433
1627,Michael J. Rubio,259
1628,Robert Carabas,1434
1629,Brian Dahle,1336
1630,Zoe Lofgren*,1406
1631,Devin G. Nunes,1435
1632,Xavier Becerra*,853
1633,Jim Beall*,290
1634,David B. Secor,1436
1635,Donald J. Trump,1437
1636,Michael Allen*,154
1637,Donald P. (Don) Wagner,175
1638,Sukhee Kang,1195
1639,Charlotte A. Svolos,1113
1640,Dan Logue,536
1641,Pete Aguilar,1438
1642,Chris Norby*,670
1643,Kamala D. Harris,534
1644,William Rodriguez Morrison,1439
1645,Kevin D. Melton,1440
1646,Dave Peiser,1441
1647,Vince Fong,803
1648,Susan A. Davis,1442
1649,Gloria Negrete McLeod,914
1650,Sunder Ramani,199
1651,Phil Ting,561
1652,Jay Obernolte,568
1653,Tim Grayson,414
1654,Suzanne Joyce Savary,1443
1655,Carly Fiorina,1444
1656,Holly Spohn-Gross,1445
1657,Bob Filner*,1446
1658,Danny R. Turner,1447
1659,Tom Lackey,1448
1660,Michael D. Antonovich,815
1661,Lucille Kring,1265
1662,David Sanchez,1449
1663,Conrad Melton,1450
1664,Gregory Allen,752
1665,"Ruben ""RJ"" Hernandez",1451
1666,Nicholas Shestople,1452
1667,Jeff Denham*,313
1668,Mary Catherine McIlroy,1453
1669,Daniel Sahagun,1454
1670,Robin Chew,1455
1671,Anna G. Eshoo*,1456
1672,Jonathon Louis Sosa,1457
1673,Cheryl R. Brown,248
1674,Gil Navarro,1458
1675,Melissa Melendez*,1393
1676,Mark Reed,1459
1677,Fran Pavley*,1156
1678,"Carlos ""Chuck"" Taylor",1460
1679,Francine Busby,1461
1680,Dave Jones*,1016
1681,Evan Low,150
1682,Rudy Aranda,196
1683,Gloria Estela La Riva,1462
1684,Jackie Speier,343
1685,Matthew Herold,1463
1686,Alex Padilla*,533
1687,Rodney D. Robinson,1464
1688,Gary Clift,1465
1689,Steve Knight,200
1690,Elizabeth Echols,39
1691,Juan Vargas,408
1692,N Eugene Cleek,1466
1693,Cheryl R. Brown*,248
1694,Kamala D. Harris*,534
1695,Bill Berryhill*,1467
1696,Mary Toman-Miller,1468
1697,Fiona Ma*,1237
1698,Abel Maldonado,1250
1699,Darrell Steinberg*,472
1700,Kevin De Leon,708
1701,Elizabeth Emken,1469
1702,Virginia Fuller,1470
1703,Karalee Hargrove,1391
1704,Connie M. Leyva,420
1705,Charlie Schaupp,379
1706,Mary England,635
1707,Jerry Hill*,4
1708,Tony Cardenas*,503
1709,Henry Stern,959
1710,Lincoln Pickard,1471
1711,Brian Maienschein*,506
1712,Isadore Hall*,647
1713,Honor Mimi Robson,1472
1714,Steven S. Choi,575
1715,Michael Crimmins,1473
1716,Nathan Mintz,223
1717,Derrick W. Roach,1181
1718,Nathaniel Tsai,1474
1719,Sandra Mendoza,745
1720,Henry A. Waxman*,1475
1721,Autumn Burke,1247
1722,Ash Kalra,915
1723,John Tavaglione,1476
1724,Cristina Garcia,641
1725,Mike Hudson,1477
1726,"Kathleen ""Suzy"" Evans",1478
1727,Diane L. Harkey*,33
1728,Greg Rodriguez,903
1729,Keith D. Curry,1374
1730,Matthew Gene Craffey,100
1731,Julie Craven,1479
1732,Warren Furutani*,129
1733,Marc Levine,224
1734,"Bernard ""Bernie"" Sanders",1480
1735,Tony Teora,1481
1736,K. Bruce Brown,1482
1737,Leland Yee*,357
1738,Matt Heath,1483
1739,Kristin Olsen,623
1740,Robert W. Derlet,1484
1741,Thomas Krouse,890
1742,Patrick J. Hurley,1485
1743,Douglas P. Dye,351
1744,Donn Coenen,1486
1745,John A. Pérez*,185
1746,Jerome E. Horton,108
1747,Lenore Albert-Sheridan,741
1748,Alan Nakanishi,81
1749,Shirley N. Weber,1370
1750,Bill Bloomfield,1487
1751,Sherry Hodges,405
1752,Mark DeSaulnier,336
1753,Jose Hernandez,1488
1754,Paul Clay,1489
1755,Curt Hagman*,217
1756,Shirley Weber,1370
1757,"Antonio ""Tony"" Amador",73
1758,Ian C. Calderon,1150
1759,Matt Dababneh*,987
1760,"Antonio C. ""Tony"" Amador",73
1761,Mariko Yamada,23
1762,Maxine Waters*,1490
1763,Doris Matsui,1407
1764,Dennis Cardoza*,1154
1765,Adam J. Miller,964
1766,Young Kim,1299
1767,David Campos,674
1768,Holly J. Mitchell,1227
1769,Susan A. Davis*,1442
1770,Otto Lee,1491
1771,Tom Ammiano*,688
1772,Howard L. Berman*,1492
1773,Ken Calvert*,1493
1774,Roger Dickinson*,179
1775,Andy Pugno,1103
1776,George Plescia,1318
1777,Tom Daly,241
1778,Roseann Slonsky-Breault,1211
1779,Karina Cervantez Alejo,189
1780,Bill Quirk*,1494
1781,Ro Khanna,1495
1782,John Hernandez,1488
1783,Maxine Waters,1490
1784,Mark DeSaulnier*,336
1785,Tim Sbranti,661
1786,Jacqui Irwin,843
1787,Larry Johnson,1496
1788,Reggie Jones-Sawyer,1497
1789,Lou Correa*,263
1790,Linda T. Sánchez*,1498
1791,Richard Alarcon,681
1792,Shawn Hoffman,1499
1793,Carlos Santamaria,1500
1794,Henry J. Bestwick,1501
1795,Sebastian Ridley-Thomas,1035
1796,Christopher Salabaj,1502
1797,Gary DeLong,1503
1798,Frank Bigelow*,668
1799,Gary G. Miller*,997
1800,Phu Nguyen,128
1801,Mark Stone*,458
1802,Jim Silva*,1014
1803,Cathleen Galgiani*,1002
1804,Gil Cedillo,811
1805,Chuck Page,1085
1806,Ken Park,789
1807,Lou Correa,263
1808,Scott R. Jones,1504
1809,Star Moffatt,1505
1810,Mike Thompson*,1506
1811,David Erlich,744
1812,Freddie Rodriguez,1253
1813,Sandré R. Swanson*,1342
1814,Cecilia M. Aguiar-Curry,1367
1815,Damon Dunn,537
1816,James H. Kimber,1507
1817,Tony Thurmond,135
1818,Wilmer Amina Carter*,85
1819,Brett Murdock,1508
1820,Ted Gaines*,1381
1821,Ryan K. Brown,622
1822,Diana G. Shaw,249
1823,Tim Gorsulowsky,1509
1824,Adam Schiff*,1404
1825,Kevin Mullin,818
1826,William O'Callaghan Leader,1510
1827,Johnny M. Tacherra,1511
1828,Adam Joshua Miller,1512
1829,Russ Warner,615
1830,Jose Solorio,1099
1831,Katcho Achadjian*,1361
1832,Michael Williamson,291
1833,Chris Blake Wiggins,1513
1834,"Isadore Hall, III",647
1835,Rafael Estrada,505
1836,Robert (Bob) Evans,1514
1837,Jim Wood,780
1838,Steve Fazio,929
1839,Gavin Newsom*,840
1840,Colin Patrick Walch,1515
1841,Scott Kirkland,1516
1842,"Howard P. ""Buck"" McKeon*",1517
1843,Drew E. Leavens,1518
1844,V. Manuel Perez*,1087
1845,Wendy Reed,1519
1846,Scott Peters,1520
1847,Casey C. Higgins,1105
1848,Gladys O. Miller,1521
1849,"K. ""Jeffrey"" Jafri",935
1850,José Luis Perez,1522
1851,Carl DeMaio,1523
1852,Paul Cook*,380
1853,Susan A. Bonilla*,1019
1854,Adrin Nazarian*,440
1855,Fran Florez,1077
1856,Bill Monning*,1524
1857,"Edmund G. ""Jerry"" Brown*",720
1858,Merlin Froyd,1525
1859,Mike Gatto*,239
1860,Kansen Chu,333
1861,Bob Brunton,430
1862,Karen Bass,779
1863,Marty Block,886
1864,"K.H. ""Katcho"" Achadjian*",1361
1865,Ralph Denney,766
1866,Jean Fuller*,90
1867,Harinder Grewal,762
1868,Dana Rohrabacher,1526
1869,John Uebersax,1527
1870,Devin G. Nunes*,1435
1871,Melissa Melendez,1393
1872,Linda T. Sánchez,1498
1873,Cristina Garcia*,641
1874,Ronald J. O'Donnell,1528
1875,Jared Huffman,326
1876,Alex Henthorn,1529
1877,Angela Rupert,294
1878,Marilyn M. Singleton,1530
1879,"Robert ""Bob"" Huff*",931
1880,Ricky Gill,1531
1881,Alan Lowenthal,1057
1882,Keith Brandon Mc Cowen,1532
1883,Richard Pan*,841
1884,Barack Obama*,1533
1885,Mark Takano,1534
1886,Jerome E. Horton*,108
1887,Doris Gentry,25
1888,Mike Eng*,735
1889,Garrett M. May,1535
1890,Marc Rodriguez,1536
1891,Matthew Del Carlo,918
1892,Nader Shahatit,1537
1893,Chris Mitchum,1538
1894,Michael J. Esswein,1539
1895,Ted Gaines,1381
1896,Christina Avalos,1540
1897,Bill Hedrick,1541
1898,Elan Carr,1542
1899,Laura Richardson*,305
1900,Mitt Romney,1543
1901,Paul Cook,380
1902,Henry T. Perea*,1229
1903,Eric Shooter Hickok,1544
1904,Denise Gitsham,1545
1905,Kevin Mullin*,818
1906,Bill Berryhill,1467
1907,James (JD) Bennett,1192
1908,Jim Costa,567
1909,Jerry Lewis*,1546
1910,Rosalind Freeman,1547
1911,Norma J. Torres,338
1912,Dana Rohrabacher*,1526
1913,James Hinton,1548
1914,Raul Bocanegra*,850
1915,Manuel Ramirez,883
1916,Phil Jennerjahn,1549
1917,Brigham Sawyer Smith,1550
1918,Michael Allen,154
1919,Das Williams*,854
1920,David Harmer,1551
1921,David R. Hernandez,1552
1922,Brian A. Gutierrez,1553
1923,Jim Frazier,1554
1924,Ruth Musser-Lopez,60
1925,"Edward ""Ed"" Schmerling",1555
1926,Dakin Sundeen,1556
1927,"K.H. ""Katcho"" Achadjian",1361
1928,Frank Bigelow,668
1929,Chris Kolski,1144
1930,Greg Krikorian,1132
1931,Kerry J. Nelson,1372
1932,Peter Kuo,208
1933,Connie Conway*,306
1934,Ben Allen,808
1935,Andy Whallon,1557
1936,Karen Brooks,1251
1937,Marc Berman,723
1938,Martha E. Flores-Gibson,1001
1939,"Fotios ""Frank"" Tsimboukakis",1082
1940,Sierra Roberts,1050
1941,Nick Bloise,274
1942,Dorothy F. Pineda,1248
1943,Tim Sheridan,1558
1944,Blanca E. Rubio,1386
1945,Jeane Ensley,1559
1946,Jay Chen,1560
1947,Beth B. Gaines*,376
1948,Nora Campos*,982
1949,Chris Parker,110
1950,Jerry Hill,4
1951,Robert Vaughn,1561
1952,David Chiu,1176
1953,Miguel Santiago,535
1954,Larry Aceves,643
1955,Loren Hanks,1562
1956,Abigail Medina,813
1957,Arturo Enrique Alas,1563
1958,Stephen C. Smith,1564
1959,John Paul (Jack) Lindblad,328
1960,Jose Medina,373
1961,Mike Honda,1411
1962,Mark Wyland*,1142
1963,"Suzanna ""Sam"" Aguilera-Marrero",1565
1964,Sharon Quirk-Silva*,588
1965,Timothy J. Allison,1566
1966,Jackie Conaway,1567
1967,Glen Ratcliff,1568
1968,Mark P. Meuser,627
1969,"John Wood, Jr.",1569
1970,Leo Hamel,251
1971,Bob Conaway,1570
1972,Mike Maturen,1571
1973,Rick Bosetti,1048
1974,Rudy Salas*,1235
1975,Bill Emmerson*,597
1976,Reginald Byron Jones-Sawyer,601
1977,Doug Shepherd,1572
1978,"Howard P. ""Buck"" Mc Keon*",1517
1979,Marie Waldron*,1373
1980,Steve Sanchez,1573
1981,Luis Alejo*,465
1982,Heidi Hall,1574
1983,Phil Ting*,561
1984,Lathe Gill,1575
1985,Allan R. Mansoor,27
1986,Pedro A. Rios,479
1987,Nick Popaditch,1576
1988,Robert M. Hammond,1577
1989,Jim Nielsen*,1199
1990,John Garamendi,659
1991,Duncan Hunter,1578
1992,Robert Rush,906
1993,Ken Arnold,595
1994,Johnathon Levar Ervin,1579
1995,Anna Caballero,938
1996,Marc Steinorth,1274
1997,Ed Hernandez*,1488
1998,Susan Talamantes Eggman,1580
1999,Chris Holden*,1091
2000,Todd Gloria,1033
2001,Janice Hahn,244
2002,Theresa Sanford,261
2003,Bill Batey,1581
2004,Kevin McCarty,729
2005,Jim Frazier*,1554
2006,Laura Friedman,360
2007,Madison Nguyen,1246
2008,Loraine Goodwin,1582
2009,Adam Nick,1583
2010,Andy Vidak*,1584
2011,Raul Ruiz,1585
2012,Joseph McCray Sr.,1586
2013,Luis Alejo,465
2014,Evelyn Li,1587
2015,Clint Curtis,1588
2016,Jimmy Gomez*,275
2017,Greg Conlon,183
2018,Ed Chau,1589
2019,Stephen Meade,1590
2020,Cory Ellenson,948
2021,John C. Goya,777
2022,Brandon Shoemaker,57
2023,Joe M. Gardner,1591
2024,Dennis J. Campanale,1592
2025,Steve Young,293
2026,Phillip Chen,218
2027,Rick Ciardella,1593
2028,Jenny Oropeza*,849
2029,Warren P. Willis,706
2030,Emilio Huerta,1594
2031,Eric F. Linder,985
2032,Al Phillips,1338
2033,Brian W. Jones*,1354
2034,Betty T. Yee,478
2035,Ken Cooley*,995
2036,Chad Mayes,427
2037,Brian Hendry,1595
2038,Patrick Malloy,1596
2039,Travis Allen*,542
2040,John M. W. Moorlach,619
2041,Kevin De Leon*,708
2042,Todd Royal,799
2043,James Corbett,1597
2044,Mark Starritt,1598
2045,Bonnie Garcia,1310
2046,Jaime Patino,912
2047,Bradly S. Torgan,793
2048,Jeff Taylor,1599
2049,Mike Morrell,1600
2050,Zachary Taylor,1321
2051,Dante Acosta,151
2052,"Marco Antonio ""Tony"" Leal",1601
2053,Benjamin Campos,1602
2054,Lois Capps*,1603
2055,Doug La Malfa*,1238
2056,Mike Davis*,1078
2057,Ken Calvert,1493
2058,Carl Wood,523
2059,Rich Gordon,1604
2060,Joe Coto,1282
2061,Brian Nestande,882
2062,Jorge Salomon Fuentes,169
2063,Dianne Feinstein*,1605
2064,Dan Logue*,536
2065,Jack Mobley,851
2066,Cathleen Galgiani,1002
2067,Jorge Lopez,1606
2068,George Miller*,1607
2069,Todd Zink,969
2070,Mesbah Islam,1608
2071,Beth Krom,1609
2072,Steve Knight*,200
2073,Anne Cameron,1610
2074,Nicholas Sclavos,109
2075,Susan Talamantes Eggman*,1580
2076,Peter O. Anderson,1611
2077,Dale K. Mensing,1612
2078,Adam Gray*,345
2079,David G. Valadao,388
2080,Ian Charles Calderon,1613
2081,Brad Sherman*,852
2082,Nanette Diaz Barragán,1614
2083,John Campbell*,807
2084,Tony Mendoza,1270
2085,Ted J. Grose,1180
2086,Ed Chau*,1589
2087,John Chiang,625
2088,Abram Wilson,1045
2089,James E. Theis,1615
2090,Mae Cendaña Torlakson,695
2091,Kristin Olsen*,623
2092,Rob Walter,1616
2093,Patty Lopez,493
2094,Bob Stephens,1617
2095,William (Bill) Brough,1618
2096,Lorena Gonzalez,296
2097,Mike Stoker,10
2098,Joy D. Delepine,1619
2099,Kevin Kiley,621
2100,Ed Royce*,1620
2101,Susan Bonilla,1019
2102,"Joe Baca, Jr.",1621
2103,Anthony Cannella*,321
2104,Jared W. Huffman,326
2105,Devon Mathis,83
2106,Karen Bass*,779
2107,Kenny Coble,1622
2108,Johnny Tacherra,1511
2109,Peter Tateishi,856
2110,Joseph Alexander Rubay,1623
2111,Mark Leno*,1333
2112,Marshall Tuck,1266
2113,Lucille Roybal-Allard,1624
2114,"Roderick ""Rod"" Wright*",1332
2115,Eric Swalwell,1625
2116,Bill Lockyer*,219
2117,Scott Wiener,824
2118,Judy Jones,899
2119,Charles Bennett Jr.,1626
2120,Betty T. Yee*,478
2121,Frank Miranda,401
2122,Steve Stokes,1627
2123,"Tim Weintz, Sr.",1628
2124,Al Muratsuchi,593
2125,Steve Pougnet,1629
2126,Bryan Caforio,1630
2127,Jack Uppal,1631
2128,Jim Patterson,475
2129,Richard Bloom,331
2130,Susan Shelley,381
2131,Jack M. Guerrero,1632
2132,G. Rick Marshall,341
2133,Nora Campos,982
2134,Fiona Ma,1237
2135,Toni Atkins,464
2136,Jack Orswell,1633
2137,Esmeralda Castro,1634
2138,Mark S. Reed,1459
2139,Ramiro Alvarado,1635
2140,Mattie Fein,1636
2141,"Michael Clare Berryhill, Sr.",1637
2142,Mary Hayashi*,1038
2143,Bao Nguyen,1638
2144,Eric Linder*,985
2145,Charles E. Wilkerson,1639
2146,Laurence Kotlikoff,1640
2147,Paul Chabot,362
2148,Tom Lynch,1641
2149,Jay L. Stern,1642
2150,Tim Donnelly,502
2151,Juan Vargas*,408
2152,Ken Anton,1643
2153,Raul Bocanegra,850
2154,Troy Edgar,1022
2155,Crystal Crawford,835
2156,Sharon Quirk-Silva,588
2157,Claire Chiara,403
2158,Jim Judd,1644
2159,Amanda Renteria,1645
2160,Tom McClintock,471
2161,Joaquin Arambula,730
2162,Toni Atkins*,464
2163,Rob Bonta*,77
2164,Wayne Miller,1646
2165,Salud Carbajal,1647
2166,Forest Baker,1648
2167,Scott Thomas Wilk,1649
2168,Mari Goodman,1650
2169,Jerry McNerney,1651
2170,Jane Harman*,1652
2171,Kevin McCarthy*,729
2172,Melinda K. Vásquez,461
2173,Duncan Hunter*,1578
2174,Douglas Haaland,1070
2175,Tom Berryhill,626
2176,Brian Nestande*,882
2177,Randy Voepel,1135
2178,Steve Cooley,1377
2179,Julia Brownley*,106
2180,Esiquio Ramos Uballe,1653
2181,Roger Hernández,75
2182,Richard Bloom*,331
2183,Jackie Speier*,343
2184,Lee C. Rogers,1654
2185,Christopher Mateo,1655
2186,Steve Adams,28
2187,Ofelia Velarde-Garcia,1326
2188,Isidro Armenta,1656
2189,Rick Tubbs,1657
2190,Gwen L. Morris,88
2191,Jim Costa*,567
2192,Luis Lopez,1153
2193,John Garamendi*,659
2194,Lois Wolk*,1008
2195,Jim Beall,290
2196,Tony Strickland,466
2197,Betsy Butler,366
2198,Morgan Osborne,1658
2199,Star Parker,1659
2200,Jimmy Gomez,275
2201,Andy Vidak,1584
2202,George Runner*,13
2203,Brian Bilbray*,1660
2204,Joel Anderson*,693
2205,Mike Thompson,1506
2206,Jim Reed,598
2207,Bill Monning,1524
2208,George Runner,13
2209,Scott Wilk,543
2210,Atul Saini,1661
2211,"Isadore Hall, III*",647
2212,Rafael A. Dagnesses,1662
2213,Linda T. Sanchez*,1498
2214,Mark Hanson,20
2215,Brian P. Bilbray*,1660
2216,Scott Peters*,1520
2217,Jonathan Zachariou,320
2218,ArLyne Diamond,1663
2219,Judy Chu,943
2220,Grace F. Napolitano,1664
2221,Henry T. Perea,1229
2222,Steven Bradford,1051
2223,James Veltmeyer,1665
2224,Charles Rouse,616
2225,Ronald S. Calderon*,236
2226,Bob Dutton,516
2227,Luis A. Wong,1059
2228,Ed Hernandez,1488
2229,Catharine Baker,1133
2230,Dave Miller,1666
2231,Lynn C. Woolsey*,1667
2232,Janet Nguyen,1239
2233,Eugene Ruyle,1668
2234,Sandra Fluke,1108
2235,Ted Lieu,1294
2236,Duncan D. Hunter*,1578
2237,Luis Chavez,940
2238,Richard B. Fox,1669
2239,Roger Allen Petersen,1670
2240,Corky Reynaga-Emett,1221
2241,Hilda Zacarias,1081
2242,Doug Ose,1671
2243,Adrin Nazarian,440
2244,Sam Farr*,1672
2245,John P. Colbert,1673
2246,Jeff Miller,201
2247,Mary Christian Heising,1674
2248,Allan R. Mansoor*,27
2249,Sol Jobrack,538
2250,Tom Torlakson*,1025
2251,Ron Nehring,308
2252,Loni Hancock*,781
2253,Janice Hahn*,244
2254,Gary Johnson,1496
2255,Mike Everling,1675
2256,Tyler Fischella,1676
2257,Tony Mendoza*,1270
2258,Alberto Waisman,1677
2259,Barbara Lee*,1678
2260,Matthew Munson,297
2261,Evan McMullin,1679
2262,Prophet La'Omar Walker,1092
2263,Kevin D. Jeffries*,1089
2264,Pete Peterson,945
2265,Judy Chu*,943
2266,Lee H. Chauser,1680
2267,Doug Applegate,1681
2268,"Michael ""Mickey"" Harrington",1403
2269,Juan M. Hidalgo Jr.,1682
2270,Justin Donald Fareed,1683
2271,Terry Phillips,1684
2272,Richard S. Gordon*,1196
2273,Barbara Boxer*,1685
2274,"Joseph Mc Cray, Sr.",1686
2275,Rob Bernosky,1687
2276,Dave Chapman,1688
2277,Marcel Weiland,1689
2278,Neel Kashkari,192
2279,Anna G. Eshoo,1456
2280,Ed Royce,1620
2281,"Alfonso Faustino, Jr.",1690
2282,Melissa Fox,587
2283,Brian Maienschein,506
2284,Rocky J. Chávez*,1083
2285,Mimi Walters,56
2286,Joe Baca*,61
2287,Rick L. Powell,977
2288,Raul Ruiz*,1585
2289,Rocky Chavez,1083
2290,Lady Cage,1691
2291,David Valadao,388
2292,Gary Kephart,1692
2293,Mike McGuire,698
2294,Ardy Kassakhian,1086
2295,Ben Hueso,1023
2296,Laura A. Peter,1693
2297,Adrienne Nicole Edwards,1694
2298,Bill Quirk,1494
2299,Joel Block,1028
2300,Ling Ling Chang,775
2301,Ian C. Calderon*,1150
2302,"Curren D. Price, Jr.*",36
2303,CJ Jawahar,354
2304,Casey Lucius,1695
2305,George R. Williams,1696
2306,Tim Thiesen,146
2307,Vicki Veenker,1330
2308,Omar Navarro,1697
2309,Ken Cooley,995
2310,Roger F. Lasson,1698
2311,Michelle Steel*,302
2312,Jeff Denham,313
2313,Doo Sup Park,1699
2314,Linda K. Jones,526
2315,Jose Solorio*,1099
2316,Jason P. Clark,432
2317,Gerald Hashimoto,1700
2318,Mervin Evans,1701
2319,James L. Andion,1702
2320,Richard Reed,836
2321,Kim Vann,1703
2322,Ami Bera*,1423
2323,Shirley N. Weber*,1370
2324,Mike Moloney,1704
2325,Jean Fuller,90
2326,Jeff Miller*,201
2327,Van Tran,610
2328,Jerry Hayden,1705
2329,Diane L. Harkey,33
2330,Jane Kim,1329
2331,Patrick D. Hogan,1706
2332,"Veronica ""Roni"" Jacobi",975
2333,Kenneth W. Wright,1707
2334,Gila Jones,1708
2335,Alex Padilla,533
2336,Reggie Jones-Sawyer*,1497
2337,Freddie Rodriguez*,1253
2338,Diane Gabl,1709
2339,Howard Katz,1710
2340,Marty Block*,886
2341,Fortney Pete Stark*,1711
2342,"Linda ""Ellie"" Black",1712
2343,Paulina Miranda,911
2344,Tom McClintock*,471
2345,James Gallagher,337
2346,S. Monique Limón,1110
2347,Martin Garrick*,188
2348,Steve Cohn,944
2349,Roman Gabriel Gonzalez,1713
2350,Robert Chandler,1304
2351,Roger Hernandez*,75
2352,Gwen Patrick,1714
2353,Hugh Bussell,1715
2354,John Dennis,1716
2355,Mark Takano*,1534
2356,Xavier Becerra,853
2357,Felipe Fuentes*,490
2358,Julie Griffith-Flatter,1717
2359,Jeff Gorell,699
2360,Renea Wickman,1063
2361,Steven Bradford*,1051
2362,Wesley Chesbro*,1257
2363,David L. Miller,716
2364,Bob Blumenfield*,582
2365,Dave Jones,1016
2366,Jennifer Ong,207
2367,Rita Topalian,63
2368,Lenore Solis,1718
2369,Ashley Swearengin,630
2370,Dan Lungren*,1719
2371,David Valadao*,388
2372,Mike Feuer*,1720
2373,Mimi Walters*,56
2374,John Chiang*,625
2375,Nathan Fletcher*,265
2376,Jerry Kowal,1168
2377,Lorena Gonzalez*,296
2378,Barbara Lee,1678
2379,Barbara Decker,546
2380,Anthony Cannella,321
2381,Shannon Grove,660
2382,Derrick Roach,1181
2383,Dennis Deyoung,429
2384,John Renison,1399
2385,Gregg D. Fritchle,1721
2386,Edward Headington,1172
2387,Christina Gagnier,675
2388,Matt Dababneh,987
2389,Tony Cardenas,503
2390,Gloria Negrete McLeod*,914
2391,Bonnie Lowenthal*,480
2392,Ronald Paul Kabat,1722
2393,Carol Liu*,1207
2394,Eduardo Garcia,1003
2395,Richard Roth,560
2396,"Virginia ""Mari"" Goodman",1723
2397,Eric Swalwell*,1625
2398,Ken Vogel,816
2399,Kevin Mc Carthy*,729
2400,Matthew Harper,968
2401,Larry A. Wilske,1724
2402,Grace F. Napolitano*,1664
2403,Mary Bono Mack*,1725
2404,Debra Bowen*,474
2405,Deborah (Debbie) Bacigalupi,1726
2406,Darcel Woods,1281
2407,Darrell R. Fong,577
2408,Ruben Macareno,1066
2409,Nancy Skinner,1037
2410,Karina Onofre,1116
2411,Pat Meagher,1727
2412,Perrin Swanlund,1728
2413,Tom Daly*,241
2414,"Jose ""Joe"" Moreno",1729
2415,David Hadley,1143
2416,Linda Halderman,140
2417,Greg Opinski,1730
2418,Norma J. Torres*,338
2419,Loretta L. Sanchez,1149
2420,Ron Varasteh,1731
2421,Jose Trinidad Aguilar,1732
2422,Charles M. Calderon*,545
2423,Jordan Cunningham,937
2424,Mark Anthony Orozco,1733
2425,Howard L. Berman,1492
2426,Ben Hueso*,1023
2427,Bob Whalen,1734
2428,Holly J. Mitchell*,1227
2429,Peter Choi,228
2430,Gavin Newsom,840
2431,Larry S. Andre,1735
2432,Mike Morrell*,1600
2433,Wally Herger*,1736
2434,Ryan Downing,1737
2435,Melissa Ruth O'Donnell,1738
2436,"Patricia C. ""Pat"" Bates",1349
2437,Rene Pineda,1739
2438,Nachum Shifren,1740
2439,Steve Glazer,857
2440,Heath Flora,318
2441,"Kevin J. Lincoln, II",1741
2442,Shannon Grove*,660
2443,Das Williams,854
2444,Bob Hertzberg,1742
2445,Jared Huffman*,326
2446,Larry Beaman,1743
2447,Richard Pan,841
2448,Dawn Ortiz-Legg,786
2449,John Moore,1744
2450,Elton Gallegly*,1745
2451,Louie J. Campos,1746
2452,Suzanne Olivos,1747
2453,Esthela Torres Siegrist,1748
2454,Alyson L. Huber*,246
2455,Steve Fox*,1071
2456,Eileen MacEnery,1749
2457,Tom Berryhill*,626
2458,Eric Linder,985
2459,Craig Huey,1379
2460,Ted W. Lieu,1294
2461,Roger Dickinson,179
2462,Adam Gray,345
2463,"Edwin ""Ed"" Chau",992
2464,Raul Garcia,531
2465,Peter Amundson,739
2466,Ling-Ling Chang,775
2467,Rob Bonta,77
2468,Sabrina Cervantes,446
2469,Bob Wieckowski,1750
2470,Chad Walsh,1243
2471,Sandré R. Swanson,1342
2472,Eloise Reyes,1271
2473,Lucille Roybal-Allard*,1624
2474,Kevin R. Scott,1751
2475,Suzanne Savary,1752
2476,Darrell Issa*,984
2477,Rob Maffit,1753
2478,Randy Loftin,1754
2479,Nancy Pelosi*,1755
2480,Rocky J. Chavez,1083
2481,Paul A. Smith,1756
2482,Brian Caples,1097
2483,Andrew Masiel Sr.,162
2484,Ray Moors,1757
2485,Sebastian Mark Ridley Thomas*,1035
2486,Heidi Harmon,563
2487,Art Kiesel,1758
2488,Abel Guillen,7
2489,Anthony Rendon,384
2490,Ricardo Antonio Benitez,1759
2491,Sally J. Lieber,1242
2492,Jerry Brown,1760
2493,Paul Vincent Avila,1761
2494,Rick D. Redding,1762
2495,Nancy Pelosi,1755
2496,Anthony J. Portantino,1283
2497,Jack Sieglock,834
2498,Doug La Malfa,1238
2499,Ellen M. Corbett*,105
2500,Patrick O'Donnell,1375
2501,Noreen Evans,1034
2502,Mark Gilham,1763
2503,Rob Rowen,1764
2504,Terry Rathbun,1765
2505,Mike Villines,1766
2506,Ferial Masry,107
2507,Ron Smith,1049
2508,Bob Wieckowski*,1750
2509,R. Adam King,1767
2510,Edward Ritchie,646
2511,Ari Grayson,142
2512,Sean Jay Panahi,1017
2513,Marie Waldron,1373
2514,Palmer Kain,1225
2515,Rob McCoy,1062
2516,Clint Olivier,174
2517,Tue Phan,1768
2518,Michael Eggman,1769
2519,Kevin McCarthy,729
2520,Darrell Issa,984
2521,Mark Stone,458
2522,Noel A. Jaimes,1770
2523,Alan Lowenthal*,1057
2524,Scott Markovich,1771
2525,Preston Picus,1772
2526,John Coffey,1773
2527,Scott Folkens,1774
2528,Brian Dahle*,1336
2529,"James I. ""Jim"" Faison",1775
2530,Tim Donnelly*,502
2531,Marc Levine*,224
2532,Roger Hernandez,75
2533,Bob Flores,1776
2534,Rudy Salas,1235
2535,Robert Bernosky,1127
2536,Ricardo Lara,165
2537,Greg Diamond,1777
2538,Nancy Skinner*,1037
2539,Donna Lowe,92
2540,Loretta Sanchez*,1149
2541,Christy Smith,180
2542,Lawrence R. Wiesner,1778
2543,Cynthia Santiago,1779
2544,Gregg Imus,1780
2545,Joel Anderson,693
2546,Hector Diaz,225
2547,Rita Ramirez,1781
2548,Josh Newman,123
2549,Mike A. Gipson,495
2550,Jerry McNerney*,1651
2551,Kathleen Henry,705
2552,Betsy Butler*,366
2553,Warren T. Furutani,129
2554,Sherry Walker,1134
2555,David Dreier*,1782
2556,Paul R. Garver,1783
2557,Travis Allen,542
2558,Ryan Hatcher,1784
2559,Hillary Clinton,1785
2560,Mariko Yamada*,23
2561,Phil Paule,1252
2562,Joan Buchanan*,1343
2563,Al Muratsuchi*,593
2564,Ray Lutz,1786
2565,Shawn K. Bagley,550
2566,Paul Fong*,171
2567,Meg Whitman,1787
2568,Jeff Gorell*,699
2569,Karen R. Bass*,779
2570,Harmeet K. Dhillon,649
2571,"Gerald ""Gerry"" Manata",1788
2572,Wendy Gabriella,734
