id,showname
1,"KNIGHT, WILLIAM J. \PETE\"""""
2,Adam Shbeita
3,"HILL, JERRY A."
4,"ACOSTA, GEORGIA L."
5,"GUILLEN, ABEL"
6,Mario A. Guerra
7,"STOKER, MIKE"
8,"PARRA, PETE H."
9,"RUNNER, GEORGE C."
10,Michael Breyer
11,"COLEMAN, TERRY"
12,"HILL, STEVE"
13,"KISHIMOTO, YORIKO"
14,"JONES, SUZANNE V."
15,"HANSON, MARK"
16,Alvaro G. Day
17,Earl De Vries
18,Michelle P. Connor
19,Brian Jones
20,"KALB, DAN E."
21,"YAMADA, MARIKO"
22,"MANSOOR, ALLAN R."
23,Jerry White
24,"WHITE, KEN"
25,"SIMON JR., WILLIAM E."
26,Ronald Gold
27,John S. Stammreich
28,Donald P. (Don) Wagner*
29,Jose Medina*
30,"GARDNER, DEAN"
31,"PRICE, CURREN"
32,Edward Fuller
33,"ARABO, AUDAY P."
34,Michael J. Rubio
35,"MARTINEZ, MICHELE"
36,Brian Dahle
37,"STEEL, JOHN"
38,"KING, DAVID"
39,Devin G. Nunes
40,"FITZGERALD, JIM"
41,Xavier Becerra*
42,"ROELLE, RICK"
43,"HAUBERT, DAVID"
44,Sukhee Kang
45,"ASHBURN, ROY"
46,"GARLAND, CHRIS"
47,Pete Aguilar
48,"WALTERS, MIMI"
49,"SHOEMAKER, BRANDON"
50,"MUSSER-LOPEZ, RUTH"
51,"BACA, JOE"
52,"GONZALES, JUAN LUIS"
53,"LA CHANCE, IRENE"
54,"MC CANN, JOHN"
55,Holly Spohn-Gross
56,"HARRISON, MICHAEL"
57,"TORRICO, ALBERTO"
58,Tom Lackey
59,"AMADOR, ANTONIO (TONY)"
60,Michael D. Antonovich
61,"TYE, STEVE"
62,David Sanchez
63,"HERNANDEZ, ROGER"
64,Jeff Denham*
65,Mary Catherine McIlroy
66,"BONTA, ROB"
67,Robin Chew
68,"DIEP, TYLER"
69,"CARTER, WILMER AMINA"
70,"MORRIS, GWEN L"
71,"WEST, TONY"
72,Alex Padilla*
73,"LOWE, DONNA"
74,"SHELLEY, KEVIN"
75,Cheryl R. Brown*
76,"PAULY, DEBORAH"
77,"CHAVEZ, CHRISTINA"
78,Virginia Fuller
79,Karalee Hargrove
80,"TABASH, EDWARD Z."
81,"CORBETT, ELLEN"
82,Honor Mimi Robson
83,Nathaniel Tsai
84,"HORTON, JEROME"
85,Mike Hudson
86,"PARKER, CHRIS R."
87,"BLUMENFELD, ANDREW"
88,"SALARNO, NINA"
89,"SMITH, KATHERINE H."
90,"DAVIS, MICHAEL"
91,"BROWN, DAVE"
92,"SANDOVAL, GREG"
93,Tony Teora
94,"NEWMAN, JOSH B."
95,"NASARENKO, ERIK"
96,"NGUYEN, PHU"
97,"FURUTANI, WARREN"
98,Patrick J. Hurley
99,Sherry Hodges
100,Paul Clay
101,"SHER, BYRON"
102,"HALDERMAN, LINDA F."
103,Adam J. Miller
104,"GRAYSON, ARI E."
105,"WORTHINGTON, KRISS"
106,"WILLIAMS, ROBERT"
107,"MAYER, VIRGINIA GINNY"
108,"PARRISH, CLAUDE"
109,"MATHYS, CHRIS"
110,"LOW, EVAN"
111,"RUSSELL, JAMES A."
112,"BARNES, JANET V."
113,"OROZCO, MARK"
114,"RILEY, ANTHONY"
115,"MASIEL, ANDREW"
116,"PHARES, ANN VENTURA"
117,John Hernandez
118,"COOK-KALLIO, CHERYL"
119,Maxine Waters
120,Larry Johnson
121,Reggie Jones-Sawyer
122,"LARA, RICARDO"
123,"RIVAS, ROBERT"
124,Shawn Hoffman
125,Carlos Santamaria
126,"BILBREY, MICHAEL"
127,"WALCH, COLIN"
128,"FROMMER, DARIO"
129,Mark Stone*
130,"BERG, PATTY"
131,Jim Silva*
132,Cathleen Galgiani*
133,Gil Cedillo
134,"SHAW, ELAINE D."
135,"SMITH, CHRISTY"
136,Ken Park
137,"STIRLING, LARRY"
138,Freddie Rodriguez
139,"CERVANTEZ ALEJO, KARINA"
140,"GARRICK, MARTIN W."
141,Sandré R. Swanson*
142,"HANLEY, KEVIN J."
143,Damon Dunn
144,James H. Kimber
145,"KASHKARI, NEEL"
146,"MARGETT, ROBERT"
147,"ARANDA, RUDY"
148,Tim Gorsulowsky
149,"SILVA , JAMES W."
150,"CONTI, DIANA"
151,William O'Callaghan Leader
152,"RAMANI, SUNDER"
153,"MILLER, JEFF"
154,"Isadore Hall, III"
155,Jim Wood
156,"ONG, JENNIFER H."
157,Colin Patrick Walch
158,"BLAKE, GORDON"
159,"WESTWOOD, MARK DAVID"
160,"DAVENPORT, ROBERT"
161,"PETERSON-MORE, DIANA L."
162,"BRIGGS, MIKE"
163,Gladys O. Miller
164,Carl DeMaio
165,"JELINCIC JR., JOSEPH JOHN"
166,Paul Cook*
167,"Edmund G. ""Jerry"" Brown*"
168,Bob Brunton
169,"TAYLOR, CARLOS"
170,"WAKIM, SAM"
171,Jean Fuller*
172,"LEVINE, MARC"
173,"HORNE, SUE"
174,"FLAHERMAN, MICHAEL T."
175,"LUTNESS, CAROLE L."
176,Cristina Garcia*
177,"LIN, MATTHEW"
178,Jared Huffman
179,Alex Henthorn
180,Angela Rupert
181,"MACCARLEY, MARK"
182,"RISHOFF, LOUISE C."
183,Richard Pan*
184,"CALDERON, RONALD"
185,"POLAKOFF, PHILLIP LEE"
186,Chris Mitchum
187,Michael J. Esswein
188,Mitt Romney
189,"CABALDON, CHRISTOPHER"
190,James (JD) Bennett
191,"MC QUISTON, JON A."
192,"SOTO, DANIELLE"
193,Norma J. Torres
194,"ADAMS, ANTHONY"
195,"CRETTOL, JIM"
196,Raul Bocanegra*
197,"OLIVIER, ART"
198,"MACIAS, MICHAEL R."
199,"SANFORD, THERESA"
200,"COHELAN, TIMOTHY"
201,"BARKAN, ELLIOTT ROBERT"
202,"CORREA, LOU"
203,"ARMENTA, DAVID"
204,"CIARDELLA, RICHARD"
205,"HOUSTON, GUY"
206,"BOSWELL, JOSEPH JOHN"
207,"MOORS, RAYMOND KENNETH"
208,"BRIBIESCA , JUAN M."
209,"BLOISE, NICK E."
210,"GOMEZ, JIMMY"
211,"VALENTINE, ROBERT S."
212,"MEGAW, JAMES"
213,Greg Krikorian
214,Peter Kuo
215,Andy Whallon
216,Sierra Roberts
217,"FIGUEROA, LIZ"
218,Blanca E. Rubio
219,"DAVIS, PATTY"
220,"HILL, GREGORY CHARLES"
221,Jay Chen
222,"LARA-GARDNER, JOSEPH"
223,"WILSON, MICHAEL L."
224,"YOUNG, STEVEN R."
225,Arturo Enrique Alas
226,"MUNSON, MATTHEW G."
227,"TAMOM, VANNARITH THOMAS"
228,"PADERES, XOCHITL"
229,Leo Hamel
230,"PARK STEEL, MICHELLE"
231,"TURNER, EDWARD R."
232,Mike Maturen
233,"MICHAEL, WILSON"
234,Reginald Byron Jones-Sawyer
235,Luis Alejo*
236,"CONWAY, CONNIE"
237,Lathe Gill
238,"NEHRING, RON"
239,"SHELDON, SAM"
240,"WHALEN, ROBERT"
241,John Garamendi
242,"SANDERS, JOANNE B."
243,"WISSOT, MICHAEL J."
244,"WASHINGTON, PATRICIA A."
245,"FLORA, HEATH"
246,"GROPER, RICHARD"
247,"CANNELLA, ANTHONY"
248,"DAVIS, GRAY"
249,"STASEK, ROSEMARY VERONICA"
250,"KOPPULA, PATRICK R"
251,Ed Hernandez*
252,Todd Gloria
253,"LINDBLAD, JOHN P. (JACK)"
254,Janice Hahn
255,"IRLANDO, ANDRES"
256,"BLOOM, RICHARD"
257,Bill Batey
258,Kevin McCarty
259,Jim Frazier*
260,Madison Nguyen
261,"CHU, KANSEN"
262,Adam Nick
263,"AGHAZARIAN, GREG"
264,Clint Curtis
265,Greg Conlon
266,"GALLAGHER, JAMES"
267,Stephen Meade
268,Cory Ellenson
269,"UMBERG, TOM"
270,"MARSHALL, G. RICK"
271,"CURTIS, DAVID S."
272,"SPEIER, JACKIE"
273,Jenny Oropeza*
274,Warren P. Willis
275,Eric F. Linder
276,"GRAY, ADAM C."
277,"HERRERA, ESAU"
278,Al Phillips
279,"STEVENS, GEORGE"
280,"DO, CONG THANH"
281,Chad Mayes
282,"COHEN, MALIA M."
283,"DYE, DOUGLAS"
284,"PIROZZI, ELIA V."
285,"JAWAHAR, C J"
286,James Corbett
287,"PETRUZZO, STEPHEN M."
288,Bonnie Garcia
289,"YEE, LELAND Y."
290,"FRIEDMAN, LAURA"
291,"CARROLL, DAMIAN"
292,Zachary Taylor
293,"CHABOT, PAUL"
294,"RIVAS, LUZ"
295,"QUINTO, RAY R."
296,"HENTSCHEL, NOEL IRWIN"
297,"RUBIN, CHRISTINE"
298,"LEYES, MAK"
299,Rich Gordon
300,"HERNANDEZ, EDWARD P."
301,"ALI, MICAH"
302,"GAINES, BETH"
303,"FUENTES, YOLANDA"
304,Jack Mobley
305,Todd Zink
306,"SCHAUPP, CHARLES E."
307,Brad Sherman*
308,"RENDON, ANTHONY"
309,"NICKEL, WILEY"
310,Nanette Diaz Barragán
311,"DODD, BILL"
312,"VALADAO, DAVID G."
313,James E. Theis
314,"YEE, GARRETT S."
315,Kristin Olsen*
316,Rob Walter
317,Patty Lopez
318,"JOHANNESSEN, K. MAURICE,"
319,"WILDER, DEBORAH"
320,"JENKINS, STEW"
321,"JACKSON, MICHAEL A."
322,"KNELL, DEREK P"
323,Susan Bonilla
324,"COHELAN, TIMOTHY DOUGLAS"
325,"MC CAULLEY, OLLIE M."
326,"CANCIAMILLA, LAURA"
327,"MADUENO, VIRGINIA"
328,Kenny Coble
329,"SHERARD, MAXINE J."
330,"GAINES, EDWARD"
331,Mark Leno*
332,"Roderick ""Rod"" Wright*"
333,"VARGAS, JUAN C"
334,"BACA JR. JR., JOE"
335,Bill Lockyer*
336,Scott Wiener
337,"HART, GREGG"
338,"TOPALIAN, RITA"
339,"STEEL, MICHELLE"
340,Al Muratsuchi
341,"CHANG, BARRY"
342,"GRAYSON, TIM"
343,"ARELLANO, CHRISTOPHER"
344,"MENDOZA, GARY S."
345,Jack Orswell
346,"JANG, KEVIN H."
347,"LEYVA, CONNIE"
348,"STONE, JEFFREY E."
349,Bao Nguyen
350,"KATZ, ANDY"
351,"WATSON, GUADALUPE R."
352,"WESSON, JR., HERMAN J."
353,"CENTER, BRIAN"
354,"DE YOUNG, DENNIS"
355,"GRANLUND, BRETT"
356,"CLARK, JASON P."
357,Sharon Quirk-Silva
358,"BRULTE, JAMES L."
359,Jim Judd
360,Amanda Renteria
361,"LUJAN, LOUIE A."
362,"CONNOLLY, DAMON M."
363,"SANSCHAGRIN, MARC"
364,"CERVANTES, SABRINA"
365,Wayne Miller
366,Melinda K. Vásquez
367,Esiquio Ramos Uballe
368,"OLLER, THOMAS"
369,"MONVILLE III, LOUIS G."
370,"ALLEN, DEBORA"
371,"KELLY, CHRIS"
372,"JOHNSON SR., NORMAN"
373,"VERES, STEVE"
374,Rick Tubbs
375,"MUNN, JOHN R."
376,"BARTON, JOHN H."
377,Morgan Osborne
378,Star Parker
379,Andy Vidak
380,"DUCHENY, DENISE MORENO"
381,"CHRISTIAN, RAKESHKUMAR"
382,Atul Saini
383,"GILMORE, DANNY D."
384,"JENKIN, WILLIAM R."
385,"VENEGAS, ARTURO"
386,"MC CLINTOCK, THOMAS"
387,"STEINBERG, DARRELL"
388,"BOWEN, DEBRA"
389,Grace F. Napolitano
390,"PATTERSON, JIM"
391,James Veltmeyer
392,Charles Rouse
393,"YEE , BETTY T."
394,"RIOS, PEDRO"
395,"LOWENTHAL, BONNIE"
396,Catharine Baker
397,Eugene Ruyle
398,"DEROSE, JANINE"
399,"DEAR, DONALD,"
400,"GALVAN, ISAAC"
401,"HAYNES, RAYMOND N."
402,Richard B. Fox
403,Roger Allen Petersen
404,"PODESTO, GARY"
405,Adrin Nazarian
406,"SPITZER, TODD"
407,Sam Farr*
408,Mary Christian Heising
409,"GIPSON, MIKE A."
410,"QUINTERO, FRANK"
411,"SPRENGER, BARBARA"
412,"LIVENGOOD, ROBERT,"
413,"DONNELLY, TIM"
414,Pete Peterson
415,Judy Chu*
416,Juan M. Hidalgo Jr.
417,"VERONESE, JOE ALIOTO"
418,Terry Phillips
419,"DALAL, RAJIV"
420,"SHEN, GEORGE"
421,Barbara Boxer*
422,"MAGGARD, MIKE"
423,"WILCOX, DAVID C."
424,"WOOD, CARL"
425,Rocky J. Chávez*
426,"SIGG, CLAY W."
427,Ardy Kassakhian
428,"POOCHIGIAN, CHUCK"
429,"KEHOE, CHRISTINE"
430,Adrienne Nicole Edwards
431,Bill Quirk
432,"GARCIA, RAQUEL"
433,Casey Lucius
434,"DEAZTLAN, AMALIA U."
435,"LOGUE, DANIEL R."
436,"JOBRACK, SOL"
437,"BLOUNT, ANDREW"
438,Linda K. Jones
439,"MURRAY, KEVIN"
440,"MIKULACO, RONALD P."
441,"HAMMOND, LAUREN R."
442,"ALLEN, TRAVIS"
443,James L. Andion
444,"KURZNER, PHILLIP"
445,Shirley N. Weber*
446,"DECKER, BARBARA V."
447,Van Tran
448,Jane Kim
449,"LESLIE, R. TIM"
450,"WELLS, BILL"
451,"BAGLEY, SHAWN"
452,"ANDERSON, ADAM"
453,"SVONKIN, SCOTT"
454,"SAMUELIAN, STEVEN N."
455,"ALDANA, MANUEL"
456,Kenneth W. Wright
457,"CUTHBERT, ROBERT"
458,"ROTH, RICHARD D."
459,Diane Gabl
460,"ROBLES, SYLVIA A."
461,"HARMON, HEIDI"
462,"NAPOLI, KATHY CHAVEZ"
463,"Linda ""Ellie"" Black"
464,Paulina Miranda
465,"COSTA, JIM"
466,S. Monique Limón
467,"OBERNOLTE, JAY"
468,"FLOREZ, DEAN"
469,"RAMSEY, CHARLES TILLMAN"
470,"WAPNER, ALAN"
471,"SALINAS, SIMON"
472,"FRAZIER JR., JAMES L."
473,"CHOI, STEVEN"
474,"ESCUTIA, MARTHA M."
475,Wesley Chesbro*
476,"BACA. JR., JOE"
477,Dave Jones
478,"SANDOVAL, GABRIEL"
479,"SKLAR, ERIC"
480,Lenore Solis
481,Ashley Swearengin
482,Dan Lungren*
483,"MONNING, WILLIAM W."
484,"SMITH, MARIANNE BOPP"
485,"NUNEZ, FABIAN"
486,John Chiang*
487,"BUCK, JILL ANN"
488,"TOM, UMBERG"
489,Barbara Lee
490,"LEACH, LYNNE C."
491,"BLAIS, NEIL"
492,Edward Headington
493,Christina Gagnier
494,Matt Dababneh
495,"JONES-SAWYER SR., REGINALD BYRON"
496,"MEGAW, SHARI"
497,Gloria Negrete McLeod*
498,"JACKSON, HANNAH-BETH"
499,"CARLSON, KEITH"
500,"MONTANEZ, CINDY"
501,"THOMAS, STEVE"
502,Ken Vogel
503,"VINCENT, EDWARD"
504,Larry A. Wilske
505,Darrell R. Fong
506,"MURRAY, CYNTHIA L."
507,Nancy Skinner
508,Pat Meagher
509,"STEINER, DUSTIN M."
510,"Jose ""Joe"" Moreno"
511,"POPP, ELENA"
512,"BROWN, RYAN K."
513,"BERRYHILL, TOM"
514,"MEUSER, MARK"
515,Howard L. Berman
516,Ben Hueso*
517,"GROPER, RICHARD P."
518,Mike Morrell*
519,"GOULD, JOHN"
520,"WIECKOWSKI, ROBERT"
521,Ryan Downing
522,"TAYLOR, RENEE N."
523,Rene Pineda
524,"HAUGHEY, THOMAS P."
525,"PHILLIPS, STEVE"
526,Bob Hertzberg
527,"POPE, MATTHEW J."
528,Dawn Ortiz-Legg
529,"RITCHIE, EDWARD H"
530,"WARNER, RUSS"
531,Steve Fox*
532,"HARE, DAVID M."
533,Eileen MacEnery
534,"Edwin ""Ed"" Chau"
535,Peter Amundson
536,"DHILLON, HARMEET K."
537,"PINE, DAVE"
538,Bob Wieckowski
539,"FLYNN, JOHN T."
540,"BILLECI, CHRISTINA R."
541,"JONES, WILLIAM L."
542,Randy Loftin
543,Nancy Pelosi*
544,"GROVE, SHANNON"
545,"SBRANTI, TIM"
546,Sebastian Mark Ridley Thomas*
547,Sally J. Lieber
548,"MAC MURRAY, JOHN P."
549,Jerry Brown
550,Rick D. Redding
551,"NOWATKA, PAUL M."
552,"BIGELOW, FRANK"
553,"CHAVEZ, EDWARD \ED\"""""
554,"NORBY, CHRIS"
555,"AGBALOG, ROMEO"
556,Rob Rowen
557,"CAMPOS, DAVID"
558,Edward Ritchie
559,Palmer Kain
560,"BACA, JEREMY"
561,"MOBLEY JR. , JACK M."
562,Tue Phan
563,"ALARCON, RICHARD"
564,Darrell Issa
565,"NEAL, STEVE"
566,"HOLDEN, NATE"
567,"AMMIANO, TOM"
568,John Coffey
569,"SAENZ, EDGAR"
570,"MCGARRY, NELLIE"
571,Loretta Sanchez*
572,"MC GUIRE, MIKE"
573,"GORELL, JEFF"
574,"TUROCI, TODD L."
575,"ELLIS, STANLEY WILLIAM"
576,"BATEY, WILLIAM"
577,"PARKER, DARREN W."
578,"CACCIOTTI, MICHAEL ANTHONY"
579,Hillary Clinton
580,"MILLER, DAVID D."
581,Phil Paule
582,"FERGUSON, JAMES C."
583,"BERMAN, MARC"
584,"ALIOTO-PIER, MICHELA"
585,"DUNN, JOSEPH"
586,"DAUCHER, LYNN"
587,"CONRAD, WILLIAM"
588,"BARIC, STEVE"
589,"Gerald ""Gerry"" Manata"
590,"LANCASTER, CHRISTOPHER W."
591,Baron Bruno
592,"QUINTERO, ANDRE"
593,"RUSNAK, VICTORIA"
594,John A. Perez*
595,Angel Cardenas
596,Mike Honda*
597,"ALBERT-SHERIDAN, LENORE L."
598,Jill Stein
599,"PARDUE-OKIMOTO, ROCHELLE"
600,Patricia A. Kotze-Ramos
601,"BARRIENTOS, MARY"
602,"ERLICH, DAVID M."
603,"MENDOZA, SANDRA Y."
604,"DAVIS, STEVEN"
605,"PUGNO, ANDREW"
606,"HOFFMAN, ANDRA"
607,Robert Murray
608,Adam B. Schiff
609,"ARNERICH, NEWELL"
610,Gilbert V. Gonzales
611,"FIREBAUGH, MARCO"
612,"SANCHEZ JR., ANGEL"
613,Ami Bera
614,"CASSIDY, ANDREW J."
615,Walter O. Villarreal
616,Tom Torlakson
617,Julia Brownley
618,Michael Havig
619,"CARLSTROM, ERIN"
620,"DUNN, JOE"
621,"MC CARTY, KELLY"
622,Jimmy Panetta
623,"NICKEL III, GEORGE W."
624,"GROVEMAN, BARRY"
625,"CHANG, LING-LING"
626,Zoe Lofgren*
627,David B. Secor
628,"HANCOCK, LONI"
629,"PEACE, STEVE,"
630,"HODGE, JASON"
631,"KEENE, RICHARD J."
632,Dave Peiser
633,"BREWER, MARILYN C."
634,"FRANDSEN, GREY"
635,Phil Ting
636,"BROWN, ROBERT K. \ROB\"""""
637,"TORGAN, BRADLY S."
638,Suzanne Joyce Savary
639,Bob Filner*
640,Lucille Kring
641,Conrad Melton
642,"PERKINS, ROBERT E."
643,"DAVIS, SAUNDRA"
644,Gil Navarro
645,Gloria Estela La Riva
646,"LOWE, ROBIN"
647,Matthew Herold
648,Rodney D. Robinson
649,Steve Knight
650,"ING, MITCHELL"
651,N Eugene Cleek
652,Bill Berryhill*
653,"MEDINA, ABIGAIL M."
654,"CEDILLO, GILBERT"
655,"MAGEE, ROBERT E."
656,"RICASA, ARLIE"
657,"HOWARD, JANE"
658,Abel Maldonado
659,"HOLLINGSWORTH, DENNIS"
660,Kevin De Leon
661,Charlie Schaupp
662,"MAC CARLEY, MARK J"
663,Tony Cardenas*
664,Lincoln Pickard
665,Brian Maienschein*
666,"STINCHCOMBE, KAI H."
667,Michael Crimmins
668,Nathan Mintz
669,Autumn Burke
670,"SIEGLOCK, JACK A."
671,"BLANTON, STEVE"
672,John Tavaglione
673,Diane L. Harkey*
674,Greg Rodriguez
675,"NEWSOM, GAVIN"
676,"POLANCO, RICHARD"
677,Julie Craven
678,"MARTINEZ, DIANE"
679,"FEUER, MICHAEL NELSON"
680,K. Bruce Brown
681,"MACALUSO, FRANK A."
682,"SPEIER, JACQUELINE"
683,"GLOVER, MICHAEL G."
684,"DOUGLAS, FARRAH"
685,"BONHACH, HEATHER PETERS"
686,"SEGURA, MARTA"
687,"FOSTER, BOB"
688,"WERDEGAR, KATHRYN"
689,Young Kim
690,"MC CAMMON, WILLIAM J."
691,Susan A. Davis*
692,"CHAVEZ, RENEE"
693,"MOUNTJOY, DENNIS"
694,"RAO, ROBERT"
695,"NESTANDE, BRIAN"
696,Linda T. Sánchez*
697,Henry J. Bestwick
698,Gary DeLong
699,"HEWITT, JEFFREY"
700,"KROUSE, THOMAS"
701,"MC FADDEN, BRADLEY J."
702,"BOGH, RUSSELL V."
703,"EISENHUT, JOHN"
704,"SMITH, ROBERT W."
705,"LOWENTHAL, JOSH"
706,Ted Gaines*
707,"MORROW, BILL"
708,Kevin Mullin
709,Adam Joshua Miller
710,"PHARES, ANA VENTURA"
711,Jose Solorio
712,Michael Williamson
713,"RIGHEIMER, JIM"
714,"EBENSTEIN, JEFF"
715,"VELAZQUEZ, IGNACIO"
716,"ROWEN, ROBERT J."
717,"KELLEY, DAVID G."
718,Steve Fazio
719,Casey C. Higgins
720,"BROWN JR., WILLIE L."
721,"FROST, ROBERT"
722,"ALLARD II, JOHN B."
723,"DEL CARLO, MATTHEW S."
724,Bill Monning*
725,"INKS, JOHN M.,"
726,Merlin Froyd
727,"RIDLEY-THOMAS, MARK"
728,"K.H. ""Katcho"" Achadjian*"
729,"KURTH, DON"
730,"WILSON, THOMAS W."
731,"SKIPWORTH, STANLEY T."
732,"VOORAKKARA, SID"
733,"HOGUE, ERIC K."
734,"NEAL, KATHY"
735,"Robert ""Bob"" Huff*"
736,"GRIESS, GABE"
737,Barack Obama*
738,"TRAN, JOHN"
739,"JAFRI, KHALID JEFFREY"
740,"CABALLERO, ANNA"
741,Garrett M. May
742,"MULLIN, GENE"
743,"HARTZ, BARRY K."
744,"LLOYD, JUDY BIVIANO"
745,Eric Shooter Hickok
746,"NAVA, PEDRO I."
747,"SANCHEZ, ANTONIO"
748,"MILSTEIN, ELEYNE S."
749,"FILSON, STEVE"
750,"YOUNG, STEVE"
751,"DE OCAMPO, ALEX"
752,"CASERTA, DOMINIC J."
753,Phil Jennerjahn
754,Brigham Sawyer Smith
755,Michael Allen
756,Das Williams*
757,"DOVINH, JOE"
758,"ROTHMAN, JASON A."
759,"URIAS, BRYAN"
760,David R. Hernandez
761,"ALPERT, DEDE"
762,"RASMUSSEN, LESA"
763,Dakin Sundeen
764,Kerry J. Nelson
765,"MURRAY, ADAM"
766,"KENNEDY, JOHN"
767,"NELSON, CRISTI"
768,Karen Brooks
769,Martha E. Flores-Gibson
770,"Fotios ""Frank"" Tsimboukakis"
771,Nick Bloise
772,"JACOBI, VERONICA S."
773,"BEECHAM, NANCY LEE"
774,"ANDERSON, KATE"
775,"VIDAL, THOMAS H."
776,"GREEN, MARK"
777,"CAMPOS, NORA"
778,"AGUIRRE, RICHARD"
779,"PACHECO, GAYLE E."
780,"DABABNEH, MATTHEW"
781,"BENOIT, JOHN"
782,Miguel Santiago
783,"BIRNBAUM, RON"
784,Larry Aceves
785,Loren Hanks
786,Stephen C. Smith
787,"ROBINSON, JACQUE"
788,"Suzanna ""Sam"" Aguilera-Marrero"
789,Glen Ratcliff
790,"COOLEY, KEN"
791,"SMITH, MEL"
792,"BENNETT, JEFFREY P."
793,"BLAKESLEE, SAM"
794,"FLORES-GIBSON, MARTHA"
795,"HODGES, SHERRY M.,"
796,"GARCIA, EDUARDO"
797,Rudy Salas*
798,"IGLESIAS, CECILIA"
799,"WOLK, LOIS"
800,"SALADINO, MARK J."
801,Robert M. Hammond
802,"ALDANA JR., MANUEL"
803,Duncan Hunter
804,"PARRA, NICOLE"
805,Ken Arnold
806,"LANCASTER, GORDON K."
807,"PANAHI, SEAN JAY"
808,"CRISTICH, CRISTI L."
809,"TORLAKSON, MAE"
810,"THOTTAM, PETER L."
811,"HUNTER, TRICIA RAE"
812,"MARQUEZ, LUIS"
813,Evelyn Li
814,Ed Chau
815,"QUIRK, BILL (WILLIAM J.)"
816,"EBENSTEIN, JEFFERY"
817,"HAYASHI, MARY"
818,Emilio Huerta
819,"OLBERG, KEITH R."
820,"LAND, ABBE"
821,"STEINMEIER, JOANN"
822,"BLAKE, JUSTIN"
823,"BOSETTI, RICK A."
824,"SMITH, RON"
825,Mark Starritt
826,"TORLIATT, PAMELA"
827,Jaime Patino
828,"Marco Antonio ""Tony"" Leal"
829,"FURUTANI, WARREN T."
830,Ken Calvert
831,"BRANDT, JIM"
832,"MC COY, ROB"
833,Dianne Feinstein*
834,"WICKMAN, RENEA"
835,"ALVAREZ, CLAUDIA"
836,"DAVIS, PATRICIA S."
837,Nicholas Sclavos
838,Peter O. Anderson
839,"UEBERROTH, PETER"
840,"GONZALES, RICARDO M."
841,"STODDER, SETH"
842,"HARRINGTON, MICHAEL"
843,"MENDOZA, RUDY"
844,"KIGHT, CARL P."
845,Abram Wilson
846,"LAURITSEN, JOHN"
847,"HOLT PFEILER, LORI"
848,"ZACARIAS, HILDA"
849,Ed Royce*
850,"SCHNUR, DAN"
851,Karen Bass*
852,"KRIEGEL, DOUG"
853,"HOLDEN, CHRIS"
854,Judy Jones
855,"CAPLES, BRIAN"
856,"MISSAKIAN, CRAIG"
857,"LEMPERT, TED"
858,"VON SZELISKI, HEIDI J."
859,Frank Miranda
860,Bryan Caforio
861,"LEJA, JAN"
862,Fiona Ma
863,Toni Atkins
864,"RODRIGUEZ, DIANA"
865,Esmeralda Castro
866,Mark S. Reed
867,Ramiro Alvarado
868,"MIGDEN, CAROLE"
869,"HOSTERMAN, JENNIFER"
870,"REED, ROMAN"
871,"STRICKLAND, AUDRA"
872,Charles E. Wilkerson
873,"SINGER, DIANE"
874,"HARRIS, EDWARD B."
875,Laurence Kotlikoff
876,"SANDER, DAVID"
877,"MITZELFELT, BRAD"
878,Ken Anton
879,"COSTA, JAMES M."
880,Claire Chiara
881,Joaquin Arambula
882,"RICO, STEPHEN F."
883,"VIDAK, JAMES ANDREW"
884,"KRIKORIAN, GREGORY S."
885,"VOEPEL, RANDY G."
886,"JEFFRIES, KEVIN D."
887,Salud Carbajal
888,"TOMAN, MARY"
889,"SIMITIAN, S. JOSEPH"
890,"KOLSKI, CHRIS"
891,"WATERFIELD, ETTA"
892,"STROM-MARTIN, VIRGINIA"
893,Lee C. Rogers
894,Ofelia Velarde-Garcia
895,"ARAMBULA, JUAN"
896,"CALDERON, IAN"
897,"LOPEZ, LUIS"
898,"KELLY, DAN"
899,"BURTON, JOHN L."
900,"PAVLEY, FRAN"
901,"MILES JR., LAWRENCE W."
902,"ORTEGA, BARBARA"
903,Mike Thompson
904,"PERKINS, CHARLES E."
905,"MONVILLE III, LOU"
906,"ALDEN, JOHN W."
907,Jonathan Zachariou
908,"PAPAN, GINA"
909,Bob Dutton
910,"SIMONOFF, MARTY"
911,"SHAW, LYNNETTE M."
912,Dave Miller
913,"FRIEDMAN, JONATHAN"
914,"BHATT, ASHIK K."
915,"CHIU, DAVID"
916,"MADISON, JONATHAN E."
917,"VERRONE, PATRIC"
918,"GROSE, TED"
919,"ROACH, DERRICK"
920,"QUINONES, PEARL"
921,"ORTIZ, DEBORAH V."
922,"CHACON, HECTOR"
923,Mike Everling
924,"GLAAB, PAUL"
925,"LINCOLN, KEVIN"
926,"DE VORE, CHARLES S."
927,"BRACAMONTES, MICHAEL"
928,Doug Applegate
929,"Michael ""Mickey"" Harrington"
930,"ERVIN, JOHNATHON"
931,"MC GILL, MICHAEL JOSEPH"
932,Anna G. Eshoo
933,"YEAGER, KEN"
934,"JAHN, WILLIAM E."
935,"Alfonso Faustino, Jr."
936,"LIU, CAROL"
937,"DELGADILLO, ROCKARD J."
938,"PAPAN, VIRGINIA"
939,"SLONSKY-BREAULT, ROSEANN"
940,"KEELEY, FRED"
941,Joel Block
942,"ANDREAS, MARY ANN"
943,"Curren D. Price, Jr.*"
944,"PEREZ-ESTOLANO, KATHERINE A."
945,"MARTINEZ, VICTORIA"
946,"HESSELEIN, DERRICK C."
947,"LARRABEE, JASON"
948,"BERRYHILL, THOMAS C."
949,"REYNAGA-EMETT, CORKY"
950,"JOHN, ALDEN"
951,"ARMENTA, CHRISTOPHER R."
952,"SPENCE, MIKE"
953,"STEPHENS, ROBERT L."
954,Richard Reed
955,Kim Vann
956,"HARMAN, DIANNE D."
957,Jerry Hayden
958,"HUNTER, TRICIA"
959,Patrick D. Hogan
960,"SALAS JR., RUDY"
961,"MACHADO, MICHAEL J."
962,"Veronica ""Roni"" Jacobi"
963,"PEREZ, LETICIA"
964,"LA MALFA, DOUG"
965,"WINSLOW, WILLIAM L."
966,"DYMALLY, MERVYN"
967,Fortney Pete Stark*
968,Tom McClintock*
969,"DIRIDON JR., RODNEY"
970,"PINEDA, DOROTHY"
971,Robert Chandler
972,"BUSTAMANTE, CRUZ M."
973,Hugh Bussell
974,Mark Takano*
975,Julie Griffith-Flatter
976,"PETTIS, GREGORY S."
977,"KASPERZAK JR., R. MICHAEL"
978,"EU, MARCH FONG"
979,David L. Miller
980,"WILLOUGHBY, ANTHONY"
981,Jerry Kowal
982,Lorena Gonzalez*
983,"REYES, ELOISE"
984,"STEINORTH, MARC"
985,"PAROSKI, SEAN"
986,John Renison
987,"SHAW, TIM"
988,"IMBASCIANI, VITO"
989,Gregg D. Fritchle
990,"COTO, JOE"
991,"SONG, PAUL"
992,Ronald Paul Kabat
993,"PORTANTINO, ANTHONY"
994,"WALKER, PROPHET"
995,"MILLER, GLENN A."
996,"SNODGRASS, DONNA J."
997,Darcel Woods
998,"DEFRANK, DAVID"
999,Karina Onofre
1000,"HERTZBERG, ROBERT"
1001,Tom Daly*
1002,David Hadley
1003,"LEVEY, JONATHAN"
1004,"COPPES, GREGORY L"
1005,Charles M. Calderon*
1006,"RIDDLE, PHLUNTE"
1007,"PESCETTI, ANTHONY"
1008,"NESBET, BARBARA"
1009,"MCGILL, MICHAEL"
1010,Holly J. Mitchell*
1011,"KOUNALAKIS, ELENI"
1012,Larry S. Andre
1013,"CALDERON, THOMAS M."
1014,"PLESCIA, GEORGE A."
1015,Nachum Shifren
1016,"LEYES, MARK A."
1017,"GRAY, MATTHEW W."
1018,"PINARD, MARGARET ANN"
1019,"WASHINGTON, CARL"
1020,"GILBERT, JOANNE T."
1021,John Moore
1022,Suzanne Olivos
1023,"RODITIS, KONSTANTINOS"
1024,"NEMETH, EDWARD J."
1025,Ted W. Lieu
1026,Roger Dickinson
1027,Raul Garcia
1028,"VEENKER, VICKI"
1029,"HARDY, STEVE M."
1030,Kevin R. Scott
1031,Rob Maffit
1032,"GUBLER, WARREN"
1033,"BRUNNER, JANE"
1034,Paul A. Smith
1035,"BULLOCK, DENNIS R"
1036,Art Kiesel
1037,Ricardo Antonio Benitez
1038,"BUCHANAN, JOAN"
1039,"CAMEJO, PETER M."
1040,"CONRAD, BILL"
1041,"KARNO, NICK"
1042,"WARREN, ELIZABETH"
1043,"WAKIM, SAMUEL"
1044,"BARAJAS, ESTHER"
1045,Patrick O'Donnell
1046,"DE LA FUENTE, IGNACIO"
1047,Terry Rathbun
1048,"PULLEN-MILES, ROBERT"
1049,"RIOS, PEDRO AYON"
1050,"HUNT, CLARENCE"
1051,"UMBERG, THOMAS J."
1052,Marie Waldron
1053,"PONCE, JAIME OLIVER"
1054,Michael Eggman
1055,Noel A. Jaimes
1056,"BUTTERFIELD, PAUL"
1057,"AGUIAR-CURRY, CECILIA"
1058,"GREENE, LYN"
1059,"HORSPOOL, RAYMOND P."
1060,Bob Flores
1061,Robert Bernosky
1062,"CURRY, KEITH"
1063,"MCGRATH, ROSALIND A."
1064,"COOLEY, STEVE"
1065,Cynthia Santiago
1066,Kathleen Henry
1067,"O'CONNELL, JACK"
1068,Sherry Walker
1069,"PETTIS, GREG"
1070,David Dreier*
1071,"PORTILLO, CESAR"
1072,"MANAYAN, HENRY C."
1073,Ray Lutz
1074,"YOUNG, STEVEN RAY"
1075,"QUINTERO III, FRANK"
1076,"SCHERMAN, SOPHIA GONZALES"
1077,"SCOTT, JACK"
1078,Wendy Gabriella
1079,"MC HUGH, PETER A."
1080,"ALI, ANILA"
1081,"HARRIS, ELIHU"
1082,"GERBER, DONNA C."
1083,"MC IVER, BARBARA G."
1084,Cameron M. Smyth*
1085,"EASTIN, DELAINE"
1086,Tom Watson
1087,"ZETTEL, CHARLENE"
1088,"THOMSON, HELEN M. (WITHDRAWN)"
1089,Jerry Tetalman
1090,"HOWORTH, AMY"
1091,"DUTRA, JOHN A."
1092,"GENTRY, DORIS L."
1093,"ARONER, DION"
1094,"ADAMS, STEVE"
1095,"DOMINGUEZ, FRANCISCO"
1096,"Chengzhi ""George"" Yang"
1097,"BERMUDEZ, RUDY"
1098,"SIMMONS, RICHARD J."
1099,Tom Walsh
1100,Brian Daniel Whelan
1101,"AKILI, GREGORY"
1102,"ECHOLS, ELIZABETH"
1103,"IVIE, RICKEY"
1104,"MCDONALD, KRISTINE LANG"
1105,Robert Carabas
1106,"MANN, CHRIS"
1107,"FIREBAUGH, MARCO ANTONIO"
1108,Donald J. Trump
1109,"KARNETTE, BETTY"
1110,"RUSKIN, IRA"
1111,"TRAN, KIM NGOC"
1112,"HUDSON, MICHAEL J."
1113,Charlotte A. Svolos
1114,Dan Logue
1115,"GOLDBERG, JACKIE"
1116,"MONTEITH, DICK J."
1117,Kamala D. Harris
1118,William Rodriguez Morrison
1119,Kevin D. Melton
1120,"MC DONALD, KRISTINE L."
1121,"CANCIAMILLA, JOSEPH"
1122,"ZOSLOCKI, WILLIAM"
1123,"MARCIANO, GEORGES"
1124,"WESSON, HERMAN J"
1125,Carly Fiorina
1126,Danny R. Turner
1127,"LA SUER, JAY"
1128,Gregory Allen
1129,"Ruben ""RJ"" Hernandez"
1130,Nicholas Shestople
1131,"CAMEJO, PETER MIGUEL"
1132,"SCHANZ, TERRY"
1133,"KRAFT, GREGORY A."
1134,"HILL JR, SAMUEL JOEY"
1135,"NAKANISHI, ALAN S."
1136,"MATHIS, DEVON J."
1137,"HERNANDEZ, MANUEL P."
1138,"LYONS, JOSEPH"
1139,"DAYSOG, ANTHONY H."
1140,"HOSTERMAN, JENNIFER A."
1141,"DE LA PIEDRA, MARIO"
1142,"WATERFIELD, HENRIETTA CARMEN"
1143,"PERRY, LAURA"
1144,"DICK, LARRY"
1145,"CRAFFEY, MATTHEW G."
1146,"RAMIREZ, FRANCISCO"
1147,"ROBEY, ED A."
1148,Elizabeth Emken
1149,"TAITZ, ORLY"
1150,"MASRY, FERIAL"
1151,Henry A. Waxman*
1152,"SANCHEZ, ALFONSO"
1153,"NARITELLI, LAWRENCE"
1154,"ACKERMAN, RICHARD"
1155,"BORGEAS, ANDREAS"
1156,"BLOUNT, STEVE"
1157,"PRICE, PAMELA"
1158,"BROWN, WILLIE L."
1159,"SKIPAKEVICH, MICHAEL"
1160,"URANGA, TONIA R."
1161,"LEVINE, DANIEL"
1162,"PHILLIPS, ESTES A"
1163,Donn Coenen
1164,"MCKINNEY, DON"
1165,"BARTH, STASYI A."
1166,Bill Bloomfield
1167,"BADE, OTTO R."
1168,"THURMOND, TONY"
1169,Curt Hagman*
1170,"HOLOBER, RICHARD"
1171,"HARDEN, DAN"
1172,"RUBIO, SUSAN"
1173,"GALLEGOS, MARTIN,"
1174,"BENNETT, AUSTIN"
1175,"THIESEN, TIM"
1176,"ACOSTA, DANTE"
1177,Otto Lee
1178,"VAZQUEZ, TONY"
1179,"PHAM, LONG K."
1180,"WOLK, DANIEL M."
1181,"LEROE-MUNOZ, PETER B."
1182,Ro Khanna
1183,"GALLARDO-ROOKER, ALEXANDRA"
1184,Mark DeSaulnier*
1185,"LEHMAN, CHRIS"
1186,"SALAS, MARY H."
1187,"FUENTES, JORGE SALOMON"
1188,Christopher Salabaj
1189,"FONG, PAUL"
1190,"OLIVIER, CLINT"
1191,"WAGNER, DONALD P."
1192,"LE, VAN"
1193,Chuck Page
1194,"WARREN, ACQUANETTA H."
1195,Star Moffatt
1196,"CHERNY, ANDREI"
1197,"BOYD, MARC"
1198,"JEHN, ROBERT KEITH"
1199,"HARRIS-FORSTER, LINDA"
1200,Brett Murdock
1201,Diana G. Shaw
1202,Johnny M. Tacherra
1203,"GABRIEL, JESSE"
1204,Katcho Achadjian*
1205,"CHAN, WILMA"
1206,"BROWN, DAVID K."
1207,"BANNISTER, WESLEY M."
1208,"DALE, JACK"
1209,Scott Kirkland
1210,"DICKSON, KENNETH C"
1211,"ALLEN-NEWMAN, SAMANTHA"
1212,V. Manuel Perez*
1213,Wendy Reed
1214,"DUTRA, JOHN"
1215,"CHEN, PHILLIP"
1216,"SOTO , NELL"
1217,Ralph Denney
1218,Harinder Grewal
1219,"DIAZ, HECTOR"
1220,John Uebersax
1221,"CHOI, PETER"
1222,"PIERCE, LEE"
1223,Marilyn M. Singleton
1224,Keith Brandon Mc Cowen
1225,"WICKS, BUFFY"
1226,"MEZA, MICHAEL G.,"
1227,"GATTO, MIKE"
1228,Nader Shahatit
1229,"METTLER, KENNETH L."
1230,Christina Avalos
1231,Bill Hedrick
1232,"YAMADA, MARIKO M."
1233,"MACHADO, GERARD J."
1234,Laura Richardson*
1235,Henry T. Perea*
1236,"ALBY, BARBARA"
1237,"HUBER, ALYSON"
1238,"HALLINAN JR., TOM"
1239,"JONES, ROBERT L."
1240,Rosalind Freeman
1241,"SHAW, LYN"
1242,David Harmer
1243,"FLETCHER, NATHAN B."
1244,Brian A. Gutierrez
1245,"SAYLOR, DON"
1246,"BENNETT, JD"
1247,"AVALOS, CARMEN"
1248,Ben Allen
1249,"HAYASHI, DENNIS"
1250,"SIMMONS, EVE"
1251,"PEREZ, JULIO"
1252,"KINNEY, RICHARD"
1253,"SALDANA, LORI"
1254,"LOO, KENNETH J."
1255,"BEALL, JIM"
1256,"WILLIAMS JR., HENRY L."
1257,"MC PHERSON, BRUCE A"
1258,John Paul (Jack) Lindblad
1259,"DEVORE, CHUCK"
1260,"LONGVILLE, JOHN"
1261,"CHAVEZ, CHRISTINE"
1262,"John Wood, Jr."
1263,Bob Conaway
1264,Bill Emmerson*
1265,Doug Shepherd
1266,"HALLINAN, TOM"
1267,Steve Sanchez
1268,"PACKARD, SCOTT D."
1269,"RAMIREZ, RUDY"
1270,Nick Popaditch
1271,"HILTON, JAWANE"
1272,"WAGNER, DON"
1273,Johnathon Levar Ervin
1274,"NIELLO, ROGER"
1275,"MEDFORD, JAMES D."
1276,"VARGAS, MARK"
1277,"VILLARAIGOSA, ANTONIO"
1278,Loraine Goodwin
1279,John C. Goya
1280,"FORSCH, GLEN"
1281,Joe M. Gardner
1282,"POLLOCK, DAVID"
1283,Brian Hendry
1284,"MENCHACA, ALEJANDRO"
1285,Patrick Malloy
1286,"KONNYU, ERNEST L."
1287,Todd Royal
1288,"ARNOLD, LEFRANCIS"
1289,"VELDSTRA, RICK"
1290,Jeff Taylor
1291,"WATSON, LUPE RAMOS"
1292,Benjamin Campos
1293,Lois Capps*
1294,Mike Davis*
1295,"BUTLER, BETSY"
1296,"WALKER, DAN"
1297,"LEVITT, SCOTT L."
1298,"MAESTAS, KATHERINE E."
1299,"POPE, CARTER N."
1300,George Miller*
1301,"ODEN, RON"
1302,Mesbah Islam
1303,Anne Cameron
1304,Susan Talamantes Eggman*
1305,"SHELLEY, SUSAN"
1306,Dale K. Mensing
1307,"LACKEY, THOMAS W."
1308,John Campbell*
1309,Tony Mendoza
1310,"TURNER, BISHOP EDWARD"
1311,"VILLARAIGOSA, ANTONIO R."
1312,"ORNELLAS, LEROY"
1313,Mae Cendaña Torlakson
1314,William (Bill) Brough
1315,"MORRELL, MICHAEL L."
1316,"WALDMAN, STUART"
1317,"SHOEMAKER, BRANDON K."
1318,"DICKERSON, RICHARD \DICK\"""""
1319,Peter Tateishi
1320,"APPELQUIST, BARBI"
1321,Charles Bennett Jr.
1322,"FOWLER, FREDERIK M."
1323,"Tim Weintz, Sr."
1324,"SANTILLAN-BEAS, MARIA T."
1325,Jack Uppal
1326,"RICHARDS II, PAUL H."
1327,"BOOT, SARAH R"
1328,Mattie Fein
1329,"DIRIDON, RODNEY"
1330,Tom Lynch
1331,"PINEDA, RENE GONZALO"
1332,"AGUERO, ANDREW S."
1333,"BAUGH, LES"
1334,Troy Edgar
1335,"SANDERS, SEDALIA"
1336,"KROVOZA, JOSEPH F."
1337,"CARRILLO, JR., FRANCISCO"
1338,"APPEL, JUDY"
1339,Scott Thomas Wilk
1340,Mari Goodman
1341,Douglas Haaland
1342,"HORTON, SHIRLEY"
1343,Isidro Armenta
1344,Tony Strickland
1345,"MC CABE, BRIAN L."
1346,"HEGYI, PAUL G."
1347,"PATE, JOHN"
1348,"OSBORN, TORIE"
1349,Brian Bilbray*
1350,"KLASKE, FREDERIC C."
1351,Rafael A. Dagnesses
1352,"WILSON, MICHAEL"
1353,"DANTONA JR., JIM"
1354,Scott Peters*
1355,ArLyne Diamond
1356,"MATHEWS, RICHARD M."
1357,"TERAMOTO, JASON K."
1358,Luis A. Wong
1359,Janet Nguyen
1360,"BELDEN, MARK"
1361,"KAMENA, SCOTT"
1362,"VILLINES, MICHAEL N."
1363,Luis Chavez
1364,"KERN, JERRY"
1365,"BROWN, MARGARET"
1366,"FUENTES, FELIPE"
1367,Doug Ose
1368,"TAYLOR, THERESA"
1369,"GIBSON, JAMES E."
1370,"GANTT, GENE"
1371,"SCHIPSKE, E. \GERRIE\"""""
1372,Tyler Fischella
1373,"WHITMAN, MARGARET C."
1374,Evan McMullin
1375,"ESTRADA, RAFAEL"
1376,Prophet La'Omar Walker
1377,"PEREZ, IRELLA"
1378,"COX, TERESA"
1379,"TINAJERO, SAL"
1380,"LOWRY, JOHN R."
1381,"LAIRD, JOHN S."
1382,Dave Chapman
1383,"MARTINEZ, EFREN"
1384,"LUCAN, ERIC A."
1385,"REYES, ELOISE GOMEZ"
1386,Melissa Fox
1387,"OSTRANDER, DANIEL LEE"
1388,"ACUNA JR., JOEY V."
1389,Rick L. Powell
1390,Gary Kephart
1391,Laura A. Peter
1392,"GOMEZ, ARMANDO"
1393,"GARCIA, MONICA"
1394,Omar Navarro
1395,Roger F. Lasson
1396,"WILK, SCOTT T."
1397,"WELCH, KATHERINE"
1398,"DISPENZA, MIKE"
1399,"RUSSO, JOHN A."
1400,Gila Jones
1401,"KUYKENDALL, STEVEN T."
1402,"VALENTINE, BOB"
1403,Marty Block*
1404,"GORDON, MIKE"
1405,Steve Cohn
1406,"KRAFT, GREGORY"
1407,Roman Gabriel Gonzalez
1408,"COHN, REBECCA"
1409,"DIAZ, MANNY"
1410,"WOOD, JAMES D."
1411,"BLUMENFIELD, BOB"
1412,"WOOD, CARL W."
1413,Mike Feuer*
1414,"SHELBY, JAMES C."
1415,"NAKANO, GEORGE"
1416,"REED, JIM"
1417,"LEON, PAUL S."
1418,"MAC ALONEY, WILLIAM"
1419,"GHARABIKLOU, CAMERON J."
1420,"JACKSON, SUZANNE"
1421,"Virginia ""Mari"" Goodman"
1422,Eric Swalwell*
1423,Matthew Harper
1424,"CANNELLA, ANTHONY JOSEPH"
1425,"PRUITT, DAVID ROA"
1426,"EGGMAN, SUSAN"
1427,Ruben Macareno
1428,"ROUSE, CHARLES E."
1429,Perrin Swanlund
1430,"BISHOP, ART"
1431,"MOORLACH, JOHN"
1432,"KILEY, KEVIN"
1433,"STONE, JEFF"
1434,Ron Varasteh
1435,Jose Trinidad Aguilar
1436,Jordan Cunningham
1437,"STEIN, GREGORY A."
1438,"KREKORIAN, PAUL"
1439,"WALSH, CHAD RICHARD"
1440,"YOUNG, JOEL B."
1441,"ENGLAND, MARY"
1442,"PAPAN, LOU"
1443,"BUELNA, GABRIEL"
1444,"KILLIAN, CLINTON"
1445,"RICHARD, RAINEY"
1446,Larry Beaman
1447,"SMITH, RONALD D."
1448,"HALL, ISADORE"
1449,Esthela Torres Siegrist
1450,"BAYLISS, SHAWN"
1451,"NATION, JOE"
1452,"GASTIL, GEORGE C."
1453,"CAMPBELL, TOM"
1454,Suzanne Savary
1455,"MC KEON, PATRICIA"
1456,Paul Vincent Avila
1457,"GONZALEZ, ARACELI"
1458,"MAZE, REBECCA"
1459,"DYMALLY, MERVYN M."
1460,"PRICE-CRAWLEY, PAMELA"
1461,"NAMAZI, NAZ"
1462,Mark Gilham
1463,"ANDAL, DEAN"
1464,"POHL, BOB"
1465,"MC LAUGHLIN , JOHN T."
1466,"BRITT, HARRY"
1467,"HUFFINGTON, ARIANNA"
1468,"SALEH, ALI"
1469,"TUCKER, SUZANNE"
1470,Alan Lowenthal*
1471,Preston Picus
1472,Scott Folkens
1473,"KORETZ, PAUL"
1474,"MATTHEWS, BARBARA"
1475,"GREEN, DARCIE"
1476,Greg Diamond
1477,"ANDERSON, JOEL"
1478,"MELENDEZ, RICHARD"
1479,"SIDHU, HARRY"
1480,Lawrence R. Wiesner
1481,Gregg Imus
1482,"GRAHAM, PHIL"
1483,"MULLENS, JR., THOMAS A."
1484,"EARLY, ERIC"
1485,Jerry McNerney*
1486,"MOORE, MARGARET \PEGGY\"""""
1487,"GRAY, GLORIA"
1488,"HALLINAN, THOMAS"
1489,"POIZNER, STEVE"
1490,Ryan Hatcher
1491,"RUNNER, SHARON"
1492,"REED, THOMASINA"
1493,"TOWNSEND, DAVID G."
1494,"RAMOS, MIKE"
1495,"RIORDAN, RICHARD"
1496,"HOUSTON, GUY S."
1497,"GABRIELLA, WENDY B."
1498,"AKILI, GREG"
1499,"ENG, MIKE"
1500,G. Burt Lancaster
1501,"ENG, MICHAEL"
1502,Doris Matsui*
1503,"RUBAY, JOSEPH A."
1504,Adnan Shahab
1505,"FLOWERS-ZUNIGA, SALLY A."
1506,Rico Oller
1507,Jim Cooper
1508,"FONG, MICHAEL"
1509,Brad Jonathan Taylor
1510,Martha Flores Gibson
1511,"BLEICH, JEFF"
1512,"GUZMAN, GERRI"
1513,"JOHNSON, BRIAN C."
1514,Sue Caro
1515,"MERCADO-FORTINE, GLORIA"
1516,"CONLON, P. GREGORY"
1517,"THIESEN, TIMOTHY A."
1518,Daniel W. Roberts
1519,"MAHMOOD, ASIF"
1520,"URANGA, TONIA REYES"
1521,"SCHOHR, RYAN"
1522,Ron DeBlauw
1523,"MIKELS, MARJORIE M."
1524,"BILODEAU, DENIS"
1525,"SMITH, MARIANNE"
1526,Thomas E. Krouse
1527,"BAGATELOS, JONATHAN P."
1528,"BAILEY, STEVEN"
1529,"WALKER, LARRY"
1530,"KIRALY, VIRGINIA C."
1531,"Arthur ""Art"" Moore"
1532,"COX, JOHN H."
1533,"CRESSMAN, DEREK"
1534,"GAINES, EDWARD TED"
1535,"CHAMP, GLENN"
1536,"LEGG, DAWN ORTIZ"
1537,"RAMIREZ, RICK"
1538,Vince Fong
1539,"MARKOVICH, PETER SCOTT"
1540,"GUTIEREZ, LYDIA ANN"
1541,"MARINELLI, LOUIS J."
1542,"SULLIVAN, ROBIN S."
1543,"REYES, EDWARD PAUL"
1544,Daniel Sahagun
1545,"CAMPBELL, WILLIAM J."
1546,"DUVALL, MIKE"
1547,Jonathon Louis Sosa
1548,"BUCK, JILL"
1549,Melissa Melendez*
1550,"Carlos ""Chuck"" Taylor"
1551,"FONG, VINCENT"
1552,"BAKER, JOHN"
1553,Francine Busby
1554,"NASH-HOFF, MICHELE"
1555,"PACHECO, ROBERT \BOB\"""""
1556,Gary Clift
1557,"LOWENTHAL, SUJA"
1558,Mary Toman-Miller
1559,"RICHMAN MD, KEITH"
1560,"MORRISON, WILLIAM M."
1561,"JORDAN, SUSAN"
1562,"LACHMAN, ANDREW"
1563,Henry Stern
1564,"COLE, ROBERT"
1565,"POYTHRESS , ROBERT"
1566,"ACKERMAN, LINDA"
1567,"LEONARD, BILL"
1568,"WARD, MITCH"
1569,"FUENTES, CHUCK"
1570,"GILBREATH, PATRICIA L."
1571,"CRAWFORD, CRYSTAL"
1572,Ash Kalra
1573,"FRUSETTA, PETER"
1574,"YOUNG, CRAIG"
1575,"Kathleen ""Suzy"" Evans"
1576,Matthew Gene Craffey
1577,"IRWIN, JACQUI"
1578,"KEATING, JANICE E."
1579,"HALL, VINCE HENRY"
1580,"LEDFORD, JAMES C."
1581,"YARBROUGH, D. SHELLY"
1582,"BAUGH, SCOTT"
1583,"KUEHL, SHEILA J."
1584,"Bernard ""Bernie"" Sanders"
1585,Matt Heath
1586,Robert W. Derlet
1587,"GLAZER, STEVEN"
1588,"BRYSON, ANNA"
1589,Alan Nakanishi
1590,"HASWELL, ROB"
1591,"ROESCH, JEAN"
1592,Jose Hernandez
1593,"WILLEY, LARRY"
1594,Dennis Cardoza*
1595,"NAHABEDIAN, NAYIRI"
1596,"GARCIA, CARMELITA"
1597,"GORSULOWSKY, TIMOTHY S."
1598,"DOW, DANIEL L."
1599,Andy Pugno
1600,George Plescia
1601,"GUTIERREZ, RICHARD"
1602,"MC FARLAND, BRUCE DAVID"
1603,"FLORES, ARMANDO M."
1604,"FORD, MARY JO"
1605,"RAMIREZ, MANUEL A."
1606,"GORDON, BARRY"
1607,Sebastian Ridley-Thomas
1608,"CALAYCAY, COREY L."
1609,Gary G. Miller*
1610,"BATTIN JR., JAMES F."
1611,"IZEN, TYLER"
1612,"PEPPLER, SUSAN"
1613,"BECKLES, JOVANKA"
1614,Scott R. Jones
1615,"BERRYHILL, WILLIAM R."
1616,"PRANG, JEFFREY"
1617,"RUSH, ROBERT L."
1618,Chris Blake Wiggins
1619,"LEHMANN, HARRY"
1620,Robert (Bob) Evans
1621,"ARONER, DION LOUISE"
1622,"Howard P. ""Buck"" McKeon*"
1623,Drew E. Leavens
1624,"K. ""Jeffrey"" Jafri"
1625,José Luis Perez
1626,Susan A. Bonilla*
1627,Fran Florez
1628,"AANESTAD, SAMUEL"
1629,Dana Rohrabacher
1630,"CLUTE, STEVE W."
1631,Ronald J. O'Donnell
1632,Ricky Gill
1633,"PATRASCU, EMANUEL"
1634,"AYRES, JIM"
1635,"GABRIEL, LYNN"
1636,Marc Rodriguez
1637,"GUTIERREZ, LYDIA A."
1638,Elan Carr
1639,"PACHECO, ROBERT"
1640,"CAPLANE, RONNIE"
1641,Denise Gitsham
1642,Jerry Lewis*
1643,"NEVIN, MIKE"
1644,"MATHUR, PRIYA"
1645,James Hinton
1646,"PACHECO, RODRIC A."
1647,"DE LA TORRE, HECTOR"
1648,"GREWAL, MANMEET"
1649,"HEUMANN, KAREN A"
1650,"EASTMAN, JOHN C."
1651,"Edward ""Ed"" Schmerling"
1652,"KASSAKHIAN, ARDASHES"
1653,"CAPLANE, RONNIE GAIL"
1654,"EASTON-BROWN, ALEX"
1655,"SCOTTO, FRANK"
1656,Tim Sheridan
1657,"POWELL, RICK"
1658,"CONNELL, KATHLEEN"
1659,Jeane Ensley
1660,"MAGSIG, NATHAN"
1661,Chris Parker
1662,Robert Vaughn
1663,"KRUEGER, PATRICIA \PAT\"""""
1664,"HEALEY, LAURETTE"
1665,"CHAU, EDWIN"
1666,Mark Wyland*
1667,Timothy J. Allison
1668,Jackie Conaway
1669,"BRANSTINE, DAN"
1670,"MARQUEZ, RAY"
1671,"CHUCHUA, BRIAN NEIL"
1672,"HAVICE, SALLY"
1673,"MADDOX, KENNETH"
1674,Heidi Hall
1675,Jim Nielsen*
1676,"ROBINSON, MIKE"
1677,"GIRARD, ROSARIO"
1678,"WYMAN, PHILLIP"
1679,"MENDOZA, OSCAR"
1680,"JONES, JUDITH E."
1681,"WALTER, ROBIN T."
1682,Raul Ruiz
1683,Joseph McCray Sr.
1684,"CHAROEN, GORPAT HENRY"
1685,"JOHANNESSEN, MARK"
1686,"DICKERSON, DICK"
1687,"EVANS, NOREEN M."
1688,"RIDLEY-THOMAS, SEBASTIAN M."
1689,Dennis J. Campanale
1690,Rick Ciardella
1691,"DE ST. JEOR, BRET"
1692,"WILSON, LINDA"
1693,John M. W. Moorlach
1694,"WOOLERY, LISA"
1695,"VELA, DAVID"
1696,"BRADFORD, STEVEN"
1697,"KRAMER, DAN"
1698,"PICO JR., THOMAS P."
1699,"JOHN J., BENOIT"
1700,"JONES, BILL"
1701,"MALHI, SATINDER S."
1702,"HOM, GLORIA"
1703,Jorge Lopez
1704,"NICHOLSON, LAUREL A."
1705,Beth Krom
1706,"CHAVEZ, ARTURO"
1707,Ian Charles Calderon
1708,"WIGGINS, PATRICIA ANN"
1709,"COX, DAVE"
1710,Bob Stephens
1711,Joy D. Delepine
1712,"WESTLY, STEVE"
1713,Joseph Alexander Rubay
1714,Marshall Tuck
1715,Lucille Roybal-Allard
1716,"WALKER, PROPHET L."
1717,"ANGELIDES, PHIL"
1718,"REILLY, JANET"
1719,Steve Stokes
1720,Steve Pougnet
1721,"PENA, JOHN J."
1722,Jack M. Guerrero
1723,"JOHNSON, ROSS"
1724,"GABL, DIANE CHRISTINE"
1725,"BECKER, JOSH"
1726,"FLUKE, SANDRA"
1727,"HASKIN, GREG"
1728,"ARNERICH, NEWELL KENNETH"
1729,"Michael Clare Berryhill, Sr."
1730,"DE GONIA, JARROD R."
1731,"HERNANDEZ, PATRICIA"
1732,"WANG, KRIS"
1733,Jay L. Stern
1734,"COGDILL, DAVID E."
1735,"REILLY, EMILY"
1736,"WASHINGTON, PAT"
1737,"JENKINS, STEWART D."
1738,"HALLDIN, BILL"
1739,Forest Baker
1740,"BATES, PATRICIA"
1741,"HUNSWECK, MICHAEL J."
1742,Jane Harman*
1743,Christopher Mateo
1744,"CARCIONE, JOHN P."
1745,"NEVIN, MICHAEL D."
1746,"JESSON, NICK"
1747,"MARTINEZ, SUZETTE"
1748,"DIVINE, ROBERT B."
1749,"OHTAKI, PETER I."
1750,"MORALES, ELOY"
1751,"O'CONNELL, DANIEL B."
1752,"HAYES-RAITT, KELLY"
1753,"LAU, JAMES"
1754,Lynn C. Woolsey*
1755,"FORSCH, GLEN R."
1756,"WEIDE, VANDER"
1757,"AUGUSTINE, LEN"
1758,"CHAVEZ, EDWARD"
1759,"WILDMAN, SCOTT"
1760,"BEYER, DEBBIE M."
1761,"CHEEMA, SARABJIT KAUR"
1762,"GRIMES, JAMES W."
1763,John P. Colbert
1764,"BETANCOURT, PAUL"
1765,Gary Johnson
1766,"MIKELS, JUDY"
1767,"GRANLUND, LONNI"
1768,Alberto Waisman
1769,"GORDON, RICHARD S."
1770,"PEREZ, VICTOR M."
1771,Lee H. Chauser
1772,Justin Donald Fareed
1773,"KIRALY, VIRGINIA CHANG"
1774,Rob Bernosky
1775,"ARGUELLO, DANIEL"
1776,"ALDINGER, JIM"
1777,"THIER, HOLLI"
1778,Marcel Weiland
1779,"MILES , LAWRENCE"
1780,"LUDLOW, MARTIN"
1781,"JEANDRON, GARY"
1782,Lady Cage
1783,Ling Ling Chang
1784,"FREEMAN, S. DAVID"
1785,George R. Williams
1786,"LO, HENRY"
1787,Doo Sup Park
1788,"FLYNT, LARRY"
1789,"DE LA LIBERTAD, ARMANDO"
1790,Gerald Hashimoto
1791,Mervin Evans
1792,"ROMERO, GLORIA"
1793,"JAKE, JOHN"
1794,"HARDEN, DANIEL V."
1795,Mike Moloney
1796,"DEBLAUW, RONALD E"
1797,Howard Katz
1798,"WALSH, CHAD R."
1799,"MILLER, RAYMOND"
1800,"KOREVAAR, ERIC J."
1801,Gwen Patrick
1802,John Dennis
1803,"VERONESE, JOE"
1804,"KLOSS, JANINE L."
1805,"DANTONA, JIM"
1806,"AMANTE, JERRY"
1807,"ANGELIDES, PHILIP N."
1808,"LENNING, DIANE A."
1809,"CASERTA JR, DOMINIC"
1810,"PAPE, KEVIN"
1811,"SCHMIDT, ERIC"
1812,"SALAS, BRENDA"
1813,"GONZALES, RICK"
1814,"PETRILLA, JESSE"
1815,"OTTO, KEVAN"
1816,"LEVINE, LLOYD"
1817,"SCHWARZENEGGER, ARNOLD"
1818,"FARRISE, SIMONA"
1819,"BIGGERS, KEVIN J."
1820,"MASTIN, JAMES"
1821,Mary Bono Mack*
1822,Deborah (Debbie) Bacigalupi
1823,"MOUANOUTOUA, VONG"
1824,"DAIGLE, LESLIE J."
1825,"LEDDY, JIM"
1826,"ALQUIST, ELAINE"
1827,"WESTALL, ANDREW J."
1828,Greg Opinski
1829,"FENNELL, DAVID"
1830,"PAK, BEN"
1831,"BAUMANN, HELEN K."
1832,Mark Anthony Orozco
1833,"CHANDLER, ROBERT L."
1834,Bob Whalen
1835,"BYRNE, JOHN"
1836,"HU, GRACE"
1837,"BROUGH, BILL"
1838,Wally Herger*
1839,"VASCONCELLOS, JOHN"
1840,"REYES, SARAH"
1841,"AREIAS, RUSTY"
1842,"CASTANEDA, STEVE"
1843,Melissa Ruth O'Donnell
1844,"Patricia C. ""Pat"" Bates"
1845,"DURAZO, MARIA ELENA"
1846,"KANG, SAM"
1847,"Kevin J. Lincoln, II"
1848,"FERNANDEZ, JOANNE"
1849,"CAMPBELL, JOHN B.T."
1850,Elton Gallegly*
1851,Louie J. Campos
1852,"CARRILLO, PEDRO"
1853,Craig Huey
1854,"RICHMAN, KEITH STUART"
1855,"CARRILLO, WENDY"
1856,"ROESCH, JEAN DR."
1857,Andrew Masiel Sr.
1858,Ray Moors
1859,"KLEHS, JOHAN"
1860,"WALTERS, MARIAN"
1861,"ELLIOTT, ROBERT V."
1862,"PERATA, DON"
1863,"ZIMMERMAN, MICHAEL"
1864,"ZIPPI, MARIANNE"
1865,Mike Villines
1866,R. Adam King
1867,"KAMENIR-REZNIK, JANICE"
1868,"ACHADJIAN, KHATCHIK"
1869,"DELIGIANNI-BRYDGES, ALEXIA L."
1870,Scott Markovich
1871,"FAJARDO, JOEL"
1872,"HARMAN, TOM"
1873,"GRUENER, GARRETT"
1874,"James I. ""Jim"" Faison"
1875,"BRONNER, REGINALD G."
1876,"AYALA, LUIS"
1877,"DAVENPORT II, ROBERT"
1878,"KOKKONEN, MATT"
1879,"STECKLER, CRAIG"
1880,Rita Ramirez
1881,"VALENCIA, ANA"
1882,"SILVER, JOY"
1883,"VAUGHN, NED"
1884,"LEBLANC, DEBORAH"
1885,Paul R. Garver
1886,"MARKS, CINDY"
1887,"NEWCOMER, OWEN"
1888,"HANSON, MARK N."
1889,"HOLT, GABRIELLA S."
1890,Meg Whitman
1891,"STRICKLAND, PAUL"
1892,"WAYNE, HOWARD"
1893,"MAZE, BILL"
